cloudlet_id,arrival_time,length,pes_required,file_size,output_size,deadline
0,22,2880000,2,536,268,142
1,78,2880000,2,536,268,198
2,175,2880000,2,536,268,295
3,234,2880000,2,536,268,354
4,303,2880000,2,536,268,423
5,377,2880000,2,536,268,497
6,455,2880000,2,536,268,575
7,537,2880000,2,536,268,657
8,595,2880000,2,536,268,715
9,697,2880000,2,536,268,817
10,765,2880000,2,536,268,885
11,794,2880000,2,536,268,914
12,891,2880000,2,536,268,1011
13,967,2880000,2,536,268,1087
14,1062,2880000,2,536,268,1182
15,1115,2880000,2,536,268,1235
16,1170,2880000,2,536,268,1290
17,1229,2880000,2,536,268,1349
18,1348,2880000,2,536,268,1468
19,1400,2880000,2,536,268,1520
20,1450,2880000,2,536,268,1570
21,1570,2880000,2,536,268,1690
22,1600,2880000,2,536,268,1720
23,1672,2880000,2,536,268,1792
24,1744,2880000,2,536,268,1864
25,1809,2880000,2,536,268,1929
26,1896,2880000,2,536,268,2016
27,1989,2880000,2,536,268,2109
28,2063,2880000,2,536,268,2183
29,2112,2880000,2,536,268,2232
30,2165,2880000,2,536,268,2285
31,2293,2880000,2,536,268,2413
32,2374,2880000,2,536,268,2494
33,2408,2880000,2,536,268,2528
34,2456,2880000,2,536,268,2576
35,2556,2880000,2,536,268,2676
36,2612,2880000,2,536,268,2732
37,2686,2880000,2,536,268,2806
38,2750,2880000,2,536,268,2870
39,2852,2880000,2,536,268,2972
40,2881,2880000,2,536,268,3001
41,3002,2880000,2,536,268,3122
42,3060,2880000,2,536,268,3180
43,3096,2880000,2,536,268,3216
44,3229,2880000,2,536,268,3349
45,3298,2880000,2,536,268,3418
46,3338,2880000,2,536,268,3458
47,3444,2880000,2,536,268,3564
48,3456,2880000,2,536,268,3576
49,3543,2880000,2,536,268,3663
