timestamp,power_kw
2020-01-06 00:00:00,0.0
2020-01-06 00:15:00,0.0
2020-01-06 00:30:00,0.0
2020-01-06 00:45:00,0.0
2020-01-06 01:00:00,0.0
2020-01-06 01:15:00,0.0
2020-01-06 01:30:00,0.0
2020-01-06 01:45:00,0.0
2020-01-06 02:00:00,0.0
2020-01-06 02:15:00,0.0
2020-01-06 02:30:00,0.0
2020-01-06 02:45:00,0.0
2020-01-06 03:00:00,0.0
2020-01-06 03:15:00,0.0
2020-01-06 03:30:00,0.0
2020-01-06 03:45:00,0.0
2020-01-06 04:00:00,0.0
2020-01-06 04:15:00,0.0
2020-01-06 04:30:00,0.0
2020-01-06 04:45:00,0.0
2020-01-06 05:00:00,0.0
2020-01-06 05:15:00,0.0
2020-01-06 05:30:00,0.0
2020-01-06 05:45:00,0.0
2020-01-06 06:00:00,0.164980357142
2020-01-06 06:15:00,0.9579375
2020-01-06 06:30:00,2.05110535714
2020-01-06 06:45:00,3.3302267858
2020-01-06 07:00:00,4.5527
2020-01-06 07:15:00,6.7164571428999995
2020-01-06 07:30:00,9.060492857200002
2020-01-06 07:45:00,10.6448910711
2020-01-06 08:00:00,13.254614285699999
2020-01-06 08:15:00,12.401257142799999
2020-01-06 08:30:00,12.4402089288
2020-01-06 08:45:00,14.5044089286
2020-01-06 09:00:00,15.0790928572
2020-01-06 09:15:00,12.7393750001
2020-01-06 09:30:00,13.3426107142
2020-01-06 09:45:00,15.8463446429
2020-01-06 10:00:00,16.6917714285
2020-01-06 10:15:00,18.8580660714
2020-01-06 10:30:00,25.2905678559
2020-01-06 10:45:00,24.875085714
2020-01-06 11:00:00,22.940203569500003
2020-01-06 11:15:00,21.767885714
2020-01-06 11:30:00,26.3938124987
2020-01-06 11:45:00,12.1723196428
2020-01-06 12:00:00,11.3510464286
2020-01-06 12:15:00,14.8629482144
2020-01-06 12:30:00,16.1155053572
2020-01-06 12:45:00,8.665417857
2020-01-06 13:00:00,14.748548214300001
2020-01-06 13:15:00,20.188958929200002
2020-01-06 13:30:00,20.957746429399997
2020-01-06 13:45:00,13.97065
2020-01-06 14:00:00,6.1390857142
2020-01-06 14:15:00,7.1841125
2020-01-06 14:30:00,10.8049999999
2020-01-06 14:45:00,6.4580125
2020-01-06 15:00:00,6.2547714285
2020-01-06 15:15:00,4.3003
2020-01-06 15:30:00,3.7943999998
2020-01-06 15:45:00,3.1048875
2020-01-06 16:00:00,3.6229714285999997
2020-01-06 16:15:00,4.2066375
2020-01-06 16:30:00,3.7477000002
2020-01-06 16:45:00,3.4750678571
2020-01-06 17:00:00,2.8192946429999997
2020-01-06 17:15:00,2.09293571429
2020-01-06 17:30:00,1.47285357142
2020-01-06 17:45:00,1.4886517857100001
2020-01-06 18:00:00,1.16804999999
2020-01-06 18:15:00,0.57144285716
2020-01-06 18:30:00,0.0480875
2020-01-06 18:45:00,0.0
2020-01-06 19:00:00,0.0
2020-01-06 19:15:00,0.0
2020-01-06 19:30:00,0.0
2020-01-06 19:45:00,0.0
2020-01-06 20:00:00,0.0
2020-01-06 20:15:00,0.0
2020-01-06 20:30:00,0.0
2020-01-06 20:45:00,0.0
2020-01-06 21:00:00,0.0
2020-01-06 21:15:00,0.0
2020-01-06 21:30:00,0.0
2020-01-06 21:45:00,0.0
2020-01-06 22:00:00,0.0
2020-01-06 22:15:00,0.0
2020-01-06 22:30:00,0.0
2020-01-06 22:45:00,0.0
2020-01-06 23:00:00,0.0
2020-01-06 23:15:00,0.0
2020-01-06 23:30:00,0.0
2020-01-06 23:45:00,0.0
2020-02-06 00:00:00,0.0
2020-02-06 00:15:00,0.0
2020-02-06 00:30:00,0.0
2020-02-06 00:45:00,0.0
2020-02-06 01:00:00,0.0
2020-02-06 01:15:00,0.0
2020-02-06 01:30:00,0.0
2020-02-06 01:45:00,0.0
2020-02-06 02:00:00,0.0
2020-02-06 02:15:00,0.0
2020-02-06 02:30:00,0.0
2020-02-06 02:45:00,0.0
2020-02-06 03:00:00,0.0
2020-02-06 03:15:00,0.0
2020-02-06 03:30:00,0.0
2020-02-06 03:45:00,0.0
2020-02-06 04:00:00,0.0
2020-02-06 04:15:00,0.0
2020-02-06 04:30:00,0.0
2020-02-06 04:45:00,0.0
2020-02-06 05:00:00,0.0
2020-02-06 05:15:00,0.0
2020-02-06 05:30:00,0.0
2020-02-06 05:45:00,0.0
2020-02-06 06:00:00,0.16399642857399999
2020-02-06 06:15:00,0.85383928573
2020-02-06 06:30:00,1.0302
2020-02-06 06:45:00,1.72519821428
2020-02-06 07:00:00,3.6247660714
2020-02-06 07:15:00,3.7498696428
2020-02-06 07:30:00,4.5202160716
2020-02-06 07:45:00,5.0853821428
2020-02-06 08:00:00,9.0632571429
2020-02-06 08:15:00,17.7635089285
2020-02-06 08:30:00,17.6969642858
2020-02-06 08:45:00,15.8956160714
2020-02-06 09:00:00,14.2062714284
2020-02-06 09:15:00,19.2435214285
2020-02-06 09:30:00,20.4807928576
2020-02-06 09:45:00,21.2747357142
2020-02-06 10:00:00,20.3334946429
2020-02-06 10:15:00,15.189155357199999
2020-02-06 10:30:00,14.9911428571
2020-02-06 10:45:00,19.899096428500002
2020-02-06 11:00:00,19.943417857100002
2020-02-06 11:15:00,14.9419410716
2020-02-06 11:30:00,13.746089285599998
2020-02-06 11:45:00,13.2800428572
2020-02-06 12:00:00,17.731114285799997
2020-02-06 12:15:00,20.6517571426
2020-02-06 12:30:00,19.319019642799997
2020-02-06 12:45:00,23.453337498
2020-02-06 13:00:00,26.622589286
2020-02-06 13:15:00,25.811291071
2020-02-06 13:30:00,21.7933910717
2020-02-06 13:45:00,27.303510716
2020-02-06 14:00:00,14.480649999899999
2020-02-06 14:15:00,15.6838446428
2020-02-06 14:30:00,19.1864607144
2020-02-06 14:45:00,19.1957321428
2020-02-06 15:00:00,14.3159285715
2020-02-06 15:15:00,11.6304196428
2020-02-06 15:30:00,12.8668303571
2020-02-06 15:45:00,14.0417089285
2020-02-06 16:00:00,14.7912517857
2020-02-06 16:15:00,10.7194892857
2020-02-06 16:30:00,9.828367857
2020-02-06 16:45:00,6.7133660715
2020-02-06 17:00:00,6.0187464287
2020-02-06 17:15:00,3.3167607143
2020-02-06 17:30:00,1.9903499999999998
2020-02-06 17:45:00,1.28105357144
2020-02-06 18:00:00,0.72957797619
2020-02-06 18:15:00,0.4029375
2020-02-06 18:30:00,0.085567857141
2020-02-06 18:45:00,0.0
2020-02-06 19:00:00,0.0
2020-02-06 19:15:00,0.0
2020-02-06 19:30:00,0.0
2020-02-06 19:45:00,0.0
2020-02-06 20:00:00,0.0
2020-02-06 20:15:00,0.0
2020-02-06 20:30:00,0.0
2020-02-06 20:45:00,0.0
2020-02-06 21:00:00,0.0
2020-02-06 21:15:00,0.0
2020-02-06 21:30:00,0.0
2020-02-06 21:45:00,0.0
2020-02-06 22:00:00,0.0
2020-02-06 22:15:00,0.0
2020-02-06 22:30:00,0.0
2020-02-06 22:45:00,0.0
2020-02-06 23:00:00,0.0
2020-02-06 23:15:00,0.0
2020-02-06 23:30:00,0.0
2020-02-06 23:45:00,0.0
2020-03-06 00:00:00,0.0
2020-03-06 00:15:00,0.0
2020-03-06 00:30:00,0.0
2020-03-06 00:45:00,0.0
2020-03-06 01:00:00,0.0
2020-03-06 01:15:00,0.0
2020-03-06 01:30:00,0.0
2020-03-06 01:45:00,0.0
2020-03-06 02:00:00,0.0
2020-03-06 02:15:00,0.0
2020-03-06 02:30:00,0.0
2020-03-06 02:45:00,0.0
2020-03-06 03:00:00,0.0
2020-03-06 03:15:00,0.0
2020-03-06 03:30:00,0.0
2020-03-06 03:45:00,0.0
2020-03-06 04:00:00,0.0
2020-03-06 04:15:00,0.0
2020-03-06 04:30:00,0.0
2020-03-06 04:45:00,0.0
2020-03-06 05:00:00,0.0
2020-03-06 05:15:00,0.0
2020-03-06 05:30:00,0.0
2020-03-06 05:45:00,0.0
2020-03-06 06:00:00,0.122067857143
2020-03-06 06:15:00,0.71325357144
2020-03-06 06:30:00,1.2899482142899998
2020-03-06 06:45:00,1.94085357142
2020-03-06 07:00:00,3.0792482142999997
2020-03-06 07:15:00,4.7767857143
2020-03-06 07:30:00,6.0193732144
2020-03-06 07:45:00,7.151707142899999
2020-03-06 08:00:00,9.2895000001
2020-03-06 08:15:00,9.695282143
2020-03-06 08:30:00,9.7593125
2020-03-06 08:45:00,11.0293107142
2020-03-06 09:00:00,13.583967857100001
2020-03-06 09:15:00,13.5079142858
2020-03-06 09:30:00,12.4467767856
2020-03-06 09:45:00,12.7672232143
2020-03-06 10:00:00,12.672333928599999
2020-03-06 10:15:00,13.0742821427
2020-03-06 10:30:00,18.9791160714
2020-03-06 10:45:00,23.196219643600003
2020-03-06 11:00:00,20.952224999800002
2020-03-06 11:15:00,20.107126785699997
2020-03-06 11:30:00,23.121991071
2020-03-06 11:45:00,27.944460717000002
2020-03-06 12:00:00,20.0884053571
2020-03-06 12:15:00,21.7242678579
2020-03-06 12:30:00,24.199192858
2020-03-06 12:45:00,26.886401787
2020-03-06 13:00:00,23.576955356
2020-03-06 13:15:00,21.3005375008
2020-03-06 13:30:00,22.0981285707
2020-03-06 13:45:00,17.974766666700003
2020-03-06 14:00:00,2.9076999999999997
2020-03-06 14:15:00,20.9927964291
2020-03-06 14:30:00,20.1138607144
2020-03-06 14:45:00,21.4937196427
2020-03-06 15:00:00,25.571585713
2020-03-06 15:15:00,23.589492858
2020-03-06 15:30:00,14.9372482143
2020-03-06 15:45:00,12.1514892858
2020-03-06 16:00:00,11.0936196428
2020-03-06 16:15:00,8.3086767857
2020-03-06 16:30:00,5.5554696428999994
2020-03-06 16:45:00,9.4212964286
2020-03-06 17:00:00,11.7702178571
2020-03-06 17:15:00,6.053592857100001
2020-03-06 17:30:00,4.5319928569000005
2020-03-06 17:45:00,2.5423142856
2020-03-06 18:00:00,1.4303000000100001
2020-03-06 18:15:00,0.77309821428
2020-03-06 18:30:00,0.20099464285600002
2020-03-06 18:45:00,0.0
2020-03-06 19:00:00,0.0
2020-03-06 19:15:00,0.0
2020-03-06 19:30:00,0.0
2020-03-06 19:45:00,0.0
2020-03-06 20:00:00,0.0
2020-03-06 20:15:00,0.0
2020-03-06 20:30:00,0.0
2020-03-06 20:45:00,0.0
2020-03-06 21:00:00,0.0
2020-03-06 21:15:00,0.0
2020-03-06 21:30:00,0.0
2020-03-06 21:45:00,0.0
2020-03-06 22:00:00,0.0
2020-03-06 22:15:00,0.0
2020-03-06 22:30:00,0.0
2020-03-06 22:45:00,0.0
2020-03-06 23:00:00,0.0
2020-03-06 23:15:00,0.0
2020-03-06 23:30:00,0.0
2020-03-06 23:45:00,0.0
2020-04-06 00:00:00,0.0
2020-04-06 00:15:00,0.0
2020-04-06 00:30:00,0.0
2020-04-06 00:45:00,0.0
2020-04-06 01:00:00,0.0
2020-04-06 01:15:00,0.0
2020-04-06 01:30:00,0.0
2020-04-06 01:45:00,0.0
2020-04-06 02:00:00,0.0
2020-04-06 02:15:00,0.0
2020-04-06 02:30:00,0.0
2020-04-06 02:45:00,0.0
2020-04-06 03:00:00,0.0
2020-04-06 03:15:00,0.0
2020-04-06 03:30:00,0.0
2020-04-06 03:45:00,0.0
2020-04-06 04:00:00,0.0
2020-04-06 04:15:00,0.0
2020-04-06 04:30:00,0.0
2020-04-06 04:45:00,0.0
2020-04-06 05:00:00,0.0
2020-04-06 05:15:00,0.0
2020-04-06 05:30:00,0.0
2020-04-06 05:45:00,0.0
2020-04-06 06:00:00,0.145544642857
2020-04-06 06:15:00,0.81448035716
2020-04-06 06:30:00,1.5749428571400002
2020-04-06 06:45:00,2.5806410713999997
2020-04-06 07:00:00,4.0041803572
2020-04-06 07:15:00,5.4060696429
2020-04-06 07:30:00,5.5547750001
2020-04-06 07:45:00,7.3180892856
2020-04-06 08:00:00,10.6353874999
2020-04-06 08:15:00,11.401369642699999
2020-04-06 08:30:00,13.783921428600001
2020-04-06 08:45:00,10.4293982144
2020-04-06 09:00:00,16.5335017858
2020-04-06 09:15:00,14.1494196429
2020-04-06 09:30:00,14.3670321429
2020-04-06 09:45:00,14.4670732142
2020-04-06 10:00:00,20.8144410707
2020-04-06 10:15:00,17.488635714199997
2020-04-06 10:30:00,20.934758929
2020-04-06 10:45:00,26.206369643
2020-04-06 11:00:00,21.2656392862
2020-04-06 11:15:00,21.1371750002
2020-04-06 11:30:00,20.1983410713
2020-04-06 11:45:00,22.8581857137
2020-04-06 12:00:00,24.8775821443
2020-04-06 12:15:00,23.609391072999998
2020-04-06 12:30:00,20.0870196426
2020-04-06 12:45:00,17.5026946429
2020-04-06 13:00:00,26.511916071999998
2020-04-06 13:15:00,26.711939287
2020-04-06 13:30:00,17.004805357099997
2020-04-06 13:45:00,24.249825001
2020-04-06 14:00:00,17.3672857143
2020-04-06 14:15:00,15.758557143
2020-04-06 14:30:00,15.151360714299999
2020-04-06 14:45:00,21.7985303571
2020-04-06 15:00:00,24.283514285000003
2020-04-06 15:15:00,17.9513964284
2020-04-06 15:30:00,18.5672446428
2020-04-06 15:45:00,17.7042517858
2020-04-06 16:00:00,16.7691517857
2020-04-06 16:15:00,14.5300446428
2020-04-06 16:30:00,12.752007142799998
2020-04-06 16:45:00,8.2809571429
2020-04-06 17:00:00,8.7417482143
2020-04-06 17:15:00,8.2598446429
2020-04-06 17:30:00,6.5728910715
2020-04-06 17:45:00,4.0782071429
2020-04-06 18:00:00,1.86020714286
2020-04-06 18:15:00,0.6236803571599999
2020-04-06 18:30:00,0.099761904761
2020-04-06 18:45:00,0.0
2020-04-06 19:00:00,0.0
2020-04-06 19:15:00,0.0
2020-04-06 19:30:00,0.0
2020-04-06 19:45:00,0.0
2020-04-06 20:00:00,0.0
2020-04-06 20:15:00,0.0
2020-04-06 20:30:00,0.0
2020-04-06 20:45:00,0.0
2020-04-06 21:00:00,0.0
2020-04-06 21:15:00,0.0
2020-04-06 21:30:00,0.0
2020-04-06 21:45:00,0.0
2020-04-06 22:00:00,0.0
2020-04-06 22:15:00,0.0
2020-04-06 22:30:00,0.0
2020-04-06 22:45:00,0.0
2020-04-06 23:00:00,0.0
2020-04-06 23:15:00,0.0
2020-04-06 23:30:00,0.0
2020-04-06 23:45:00,0.0
2020-05-06 00:00:00,0.0
2020-05-06 00:15:00,0.0
2020-05-06 00:30:00,0.0
2020-05-06 00:45:00,0.0
2020-05-06 01:00:00,0.0
2020-05-06 01:15:00,0.0
2020-05-06 01:30:00,0.0
2020-05-06 01:45:00,0.0
2020-05-06 02:00:00,0.0
2020-05-06 02:15:00,0.0
2020-05-06 02:30:00,0.0
2020-05-06 02:45:00,0.0
2020-05-06 03:00:00,0.0
2020-05-06 03:15:00,0.0
2020-05-06 03:30:00,0.0
2020-05-06 03:45:00,0.0
2020-05-06 04:00:00,0.0
2020-05-06 04:15:00,0.0
2020-05-06 04:30:00,0.0
2020-05-06 04:45:00,0.0
2020-05-06 05:00:00,0.0
2020-05-06 05:15:00,0.0
2020-05-06 05:30:00,0.0
2020-05-06 05:45:00,0.0
2020-05-06 06:00:00,0.194141071423
2020-05-06 06:15:00,0.63990714285
2020-05-06 06:30:00,1.2269000000099999
2020-05-06 06:45:00,2.9450107144
2020-05-06 07:00:00,3.1195607143000004
2020-05-06 07:15:00,4.1236089284999995
2020-05-06 07:30:00,4.6181517857
2020-05-06 07:45:00,5.0628857144
2020-05-06 08:00:00,6.1239642857
2020-05-06 08:15:00,11.3580035715
2020-05-06 08:30:00,14.974987499900001
2020-05-06 08:45:00,15.955066071500001
2020-05-06 09:00:00,15.682039285800002
2020-05-06 09:15:00,18.9870821428
2020-05-06 09:30:00,20.9979249993
2020-05-06 09:45:00,12.4371160714
2020-05-06 10:00:00,22.8148785739
2020-05-06 10:15:00,13.9632571428
2020-05-06 10:30:00,21.8429339284
2020-05-06 10:45:00,21.6709267862
2020-05-06 11:00:00,20.3874267856
2020-05-06 11:15:00,22.9480250001
2020-05-06 11:30:00,26.560648216
2020-05-06 11:45:00,24.7278160724
2020-05-06 12:00:00,10.1788160713
2020-05-06 12:15:00,10.0718928571
2020-05-06 12:30:00,7.815921428599999
2020-05-06 12:45:00,11.5669482142
2020-05-06 13:00:00,18.1176553569
2020-05-06 13:15:00,17.3955839286
2020-05-06 13:30:00,22.0803642862
2020-05-06 13:45:00,28.086414284
2020-05-06 14:00:00,25.522689285000002
2020-05-06 14:15:00,13.3930892857
2020-05-06 14:30:00,24.731517857
2020-05-06 14:45:00,23.2191250024
2020-05-06 15:00:00,18.968667857299998
2020-05-06 15:15:00,14.727819643
2020-05-06 15:30:00,9.300364285699999
2020-05-06 15:45:00,18.9792482143
2020-05-06 16:00:00,15.9765374999
2020-05-06 16:15:00,14.042355357
2020-05-06 16:30:00,13.086258928400001
2020-05-06 16:45:00,9.9935553571
2020-05-06 17:00:00,8.8579875001
2020-05-06 17:15:00,8.3662250001
2020-05-06 17:30:00,7.9573732142999996
2020-05-06 17:45:00,4.878028571300001
2020-05-06 18:00:00,2.4871964283900003
2020-05-06 18:15:00,1.15717678573
2020-05-06 18:30:00,0.253080952384
2020-05-06 18:45:00,0.0
2020-05-06 19:00:00,0.0
2020-05-06 19:15:00,0.0
2020-05-06 19:30:00,0.0
2020-05-06 19:45:00,0.0
2020-05-06 20:00:00,0.0
2020-05-06 20:15:00,0.0
2020-05-06 20:30:00,0.0
2020-05-06 20:45:00,0.0
2020-05-06 21:00:00,0.0
2020-05-06 21:15:00,0.0
2020-05-06 21:30:00,0.0
2020-05-06 21:45:00,0.0
2020-05-06 22:00:00,0.0
2020-05-06 22:15:00,0.0
2020-05-06 22:30:00,0.0
2020-05-06 22:45:00,0.0
2020-05-06 23:00:00,0.0
2020-05-06 23:15:00,0.0
2020-05-06 23:30:00,0.0
2020-05-06 23:45:00,0.0
2020-05-15 00:00:00,0.0
2020-05-15 00:15:00,0.0
2020-05-15 00:30:00,0.0
2020-05-15 00:45:00,0.0
2020-05-15 01:00:00,0.0
2020-05-15 01:15:00,0.0
2020-05-15 01:30:00,0.0
2020-05-15 01:45:00,0.0
2020-05-15 02:00:00,0.0
2020-05-15 02:15:00,0.0
2020-05-15 02:30:00,0.0
2020-05-15 02:45:00,0.0
2020-05-15 03:00:00,0.0
2020-05-15 03:15:00,0.0
2020-05-15 03:30:00,0.0
2020-05-15 03:45:00,0.0
2020-05-15 04:00:00,0.0
2020-05-15 04:15:00,0.0
2020-05-15 04:30:00,0.0
2020-05-15 04:45:00,0.0
2020-05-15 05:00:00,0.0
2020-05-15 05:15:00,0.0
2020-05-15 05:30:00,0.0
2020-05-15 05:45:00,0.0
2020-05-15 06:00:00,0.090929166668
2020-05-15 06:15:00,0.59333869048
2020-05-15 06:30:00,1.48019464286
2020-05-15 06:45:00,2.7904482143
2020-05-15 07:00:00,4.0526621429
2020-05-15 07:15:00,4.3687226191
2020-05-15 07:30:00,4.275935119
2020-05-15 07:45:00,4.3520946427
2020-05-15 08:00:00,6.3656089284999995
2020-05-15 08:15:00,10.0020646429
2020-05-15 08:30:00,10.995602976099999
2020-05-15 08:45:00,9.080067857100001
2020-05-15 09:00:00,16.21135
2020-05-15 09:15:00,9.692832143
2020-05-15 09:30:00,7.5114000001
2020-05-15 09:45:00,15.793112499900001
2020-05-15 10:00:00,17.8967982142
2020-05-15 10:15:00,15.53195
2020-05-15 10:30:00,12.6485917859
2020-05-15 10:45:00,11.0916289285
2020-05-15 11:00:00,18.9365592845
2020-05-15 11:15:00,15.6837136904
2020-05-15 11:30:00,15.207283928599999
2020-05-15 11:45:00,16.4015892857
2020-05-15 12:00:00,15.2508083332
2020-05-15 12:15:00,20.477017856499998
2020-05-15 12:30:00,19.341707142
2020-05-15 12:45:00,20.4708976196
2020-05-15 13:00:00,12.721876785700001
2020-05-15 13:15:00,14.665985714300001
2020-05-15 13:30:00,17.1856589285
2020-05-15 13:45:00,16.7367428575
2020-05-15 14:00:00,21.7470660709
2020-05-15 14:15:00,25.352546429
2020-05-15 14:30:00,13.9891960714
2020-05-15 14:45:00,15.7230553573
2020-05-15 15:00:00,12.6037660715
2020-05-15 15:15:00,14.0310267857
2020-05-15 15:30:00,16.3429196427
2020-05-15 15:45:00,10.5437660713
2020-05-15 16:00:00,10.7040232143
2020-05-15 16:15:00,9.7634464286
2020-05-15 16:30:00,10.2106642856
2020-05-15 16:45:00,7.6437595239
2020-05-15 17:00:00,4.8949928571
2020-05-15 17:15:00,4.8750053572
2020-05-15 17:30:00,2.5580166667
2020-05-15 17:45:00,1.10200535715
2020-05-15 18:00:00,0.62837678572
2020-05-15 18:15:00,0.21215178571499999
2020-05-15 18:30:00,0.0
2020-05-15 18:45:00,0.0
2020-05-15 19:00:00,0.0
2020-05-15 19:15:00,0.0
2020-05-15 19:30:00,0.0
2020-05-15 19:45:00,0.0
2020-05-15 20:00:00,0.0
2020-05-15 20:15:00,0.0
2020-05-15 20:30:00,0.0
2020-05-15 20:45:00,0.0
2020-05-15 21:00:00,0.0
2020-05-15 21:15:00,0.0
2020-05-15 21:30:00,0.0
2020-05-15 21:45:00,0.0
2020-05-15 22:00:00,0.0
2020-05-15 22:15:00,0.0
2020-05-15 22:30:00,0.0
2020-05-15 22:45:00,0.0
2020-05-15 23:00:00,0.0
2020-05-16 02:00:00,0.0
2020-05-16 02:15:00,0.0
2020-05-16 02:30:00,0.0
2020-05-16 02:45:00,0.0
2020-05-16 03:00:00,0.0
2020-05-16 03:15:00,0.0
2020-05-16 03:30:00,0.0
2020-05-16 03:45:00,0.0
2020-05-16 04:00:00,0.0
2020-05-16 04:15:00,0.0
2020-05-16 04:30:00,0.0
2020-05-16 04:45:00,0.0
2020-05-16 05:00:00,0.0
2020-05-16 05:15:00,0.0
2020-05-16 05:30:00,0.0
2020-05-16 05:45:00,0.0
2020-05-16 06:00:00,0.109162500001
2020-05-16 06:15:00,0.7224499999999999
2020-05-16 06:30:00,1.50528571429
2020-05-16 06:45:00,2.4147017856
2020-05-16 07:00:00,3.3377285714
2020-05-16 07:15:00,4.249375
2020-05-16 07:30:00,5.338832142899999
2020-05-16 07:45:00,7.4047499999
2020-05-16 08:00:00,9.0704714286
2020-05-16 08:15:00,10.321041071400002
2020-05-16 08:30:00,12.793214285800001
2020-05-16 08:45:00,13.9580767856
2020-05-16 09:00:00,13.8086267858
2020-05-16 09:15:00,12.5050464286
2020-05-16 09:30:00,12.7171303571
2020-05-16 09:45:00,15.7781428572
2020-05-16 10:00:00,15.823062499899999
2020-05-16 10:15:00,15.3706178572
2020-05-16 10:30:00,20.231724999900003
2020-05-16 10:45:00,17.9146571428
2020-05-16 11:00:00,17.3556821429
2020-05-16 11:15:00,16.3822249999
2020-05-16 11:30:00,15.434826785699999
2020-05-16 11:45:00,19.073228571300003
2020-05-16 12:00:00,19.4093839285
2020-05-16 12:15:00,16.1469214285
2020-05-16 12:30:00,22.351071427900003
2020-05-16 12:45:00,23.955614285
2020-05-16 13:00:00,18.721417857200002
2020-05-16 13:15:00,22.843682144
2020-05-16 13:30:00,18.158728571399998
2020-05-16 13:45:00,15.2122035714
2020-05-16 14:00:00,13.5489964284
2020-05-16 14:15:00,18.38015
2020-05-16 14:30:00,16.0465160714
2020-05-16 14:45:00,15.7144446429
2020-05-16 15:00:00,15.448598214199999
2020-05-16 15:15:00,12.7953446429
2020-05-16 15:30:00,10.9188928573
2020-05-16 15:45:00,8.340450000099999
2020-05-16 16:00:00,7.303142857
2020-05-16 16:15:00,6.1505053572
2020-05-16 16:30:00,5.6087553573
2020-05-16 16:45:00,4.7755607142
2020-05-16 17:00:00,4.2402982144
2020-05-16 17:15:00,3.4480714285
2020-05-16 17:30:00,2.5167553570999996
2020-05-16 17:45:00,1.60310178571
2020-05-16 18:00:00,0.83382857144
2020-05-16 18:15:00,0.26732500001
2020-05-16 18:30:00,0.0
2020-05-16 18:45:00,0.0
2020-05-16 19:00:00,0.0
2020-05-16 19:15:00,0.0
2020-05-16 19:30:00,0.0
2020-05-16 19:45:00,0.0
2020-05-16 20:00:00,0.0
2020-05-16 20:15:00,0.0
2020-05-16 20:30:00,0.0
2020-05-16 20:45:00,0.0
2020-05-16 21:00:00,0.0
2020-05-16 21:15:00,0.0
2020-05-16 21:30:00,0.0
2020-05-16 21:45:00,0.0
2020-05-16 22:00:00,0.0
2020-05-16 22:15:00,0.0
2020-05-16 22:30:00,0.0
2020-05-16 22:45:00,0.0
2020-05-16 23:00:00,0.0
2020-05-16 23:15:00,0.0
2020-05-16 23:30:00,0.0
2020-05-16 23:45:00,0.0
2020-05-17 00:00:00,0.0
2020-05-17 00:15:00,0.0
2020-05-17 00:30:00,0.0
2020-05-17 00:45:00,0.0
2020-05-17 01:00:00,0.0
2020-05-17 01:15:00,0.0
2020-05-17 01:30:00,0.0
2020-05-17 01:45:00,0.0
2020-05-17 02:00:00,0.0
2020-05-17 02:15:00,0.0
2020-05-17 02:30:00,0.0
2020-05-17 02:45:00,0.0
2020-05-17 03:00:00,0.0
2020-05-17 03:15:00,0.0
2020-05-17 03:30:00,0.0
2020-05-17 03:45:00,0.0
2020-05-17 04:00:00,0.0
2020-05-17 04:15:00,0.0
2020-05-17 04:30:00,0.0
2020-05-17 04:45:00,0.0
2020-05-17 05:00:00,0.0
2020-05-17 05:15:00,0.0
2020-05-17 05:30:00,0.0
2020-05-17 05:45:00,0.0
2020-05-17 06:00:00,0.0032625
2020-05-17 06:15:00,0.25915714286
2020-05-17 06:30:00,0.96341428573
2020-05-17 06:45:00,1.88304464287
2020-05-17 07:00:00,3.0342642858
2020-05-17 07:15:00,5.2964375
2020-05-17 07:30:00,6.1547196431
2020-05-17 07:45:00,9.2655714285
2020-05-17 08:00:00,10.9297982145
2020-05-17 08:15:00,11.1352946429
2020-05-17 08:30:00,12.0578107142
2020-05-17 08:45:00,16.1349196428
2020-05-17 09:00:00,16.5959624999
2020-05-17 09:15:00,13.9911553571
2020-05-17 09:30:00,17.965310714300003
2020-05-17 09:45:00,22.2182303581
2020-05-17 10:00:00,21.149989285799997
2020-05-17 10:15:00,20.8615571429
2020-05-17 10:30:00,21.990910714800002
2020-05-17 10:45:00,24.634428573
2020-05-17 11:00:00,23.719482142
2020-05-17 11:15:00,27.034632141400003
2020-05-17 11:30:00,26.224062501
2020-05-17 11:45:00,23.0744815471
2020-05-17 12:00:00,17.5696803573
2020-05-17 12:15:00,22.7080482142
2020-05-17 12:30:00,17.9519339283
2020-05-17 12:45:00,22.4978178564
2020-05-17 13:00:00,12.6584035713
2020-05-17 13:15:00,13.890508928600001
2020-05-17 13:30:00,21.9933232134
2020-05-17 13:45:00,18.266875
2020-05-17 14:00:00,19.0939589284
2020-05-17 14:15:00,12.450146428599998
2020-05-17 14:30:00,8.580126785500001
2020-05-17 14:45:00,20.5082392859
2020-05-17 15:00:00,19.932610714400003
2020-05-17 15:15:00,15.4142660713
2020-05-17 15:30:00,17.053453571400002
2020-05-17 15:45:00,9.080110714300002
2020-05-17 16:00:00,13.724560714299999
2020-05-17 16:15:00,10.094689881099999
2020-05-17 16:30:00,9.1361446428
2020-05-17 16:45:00,8.045358928599999
2020-05-17 17:00:00,4.3956089285
2020-05-17 17:15:00,3.5976303569000003
2020-05-17 17:30:00,2.9340232143
2020-05-17 17:45:00,1.86734285714
2020-05-17 18:00:00,0.67478035714
2020-05-17 18:15:00,0.27784821429
2020-05-17 18:30:00,0.0
2020-05-17 18:45:00,0.0
2020-05-17 19:00:00,0.0
2020-05-17 19:15:00,0.0
2020-05-17 19:30:00,0.0
2020-05-17 19:45:00,0.0
2020-05-17 20:00:00,0.0
2020-05-17 20:15:00,0.0
2020-05-17 20:30:00,0.0
2020-05-17 20:45:00,0.0
2020-05-17 21:00:00,0.0
2020-05-17 21:15:00,0.0
2020-05-17 21:30:00,0.0
2020-05-17 21:45:00,0.0
2020-05-17 22:00:00,0.0
2020-05-17 22:15:00,0.0
2020-05-17 22:30:00,0.0
2020-05-17 22:45:00,0.0
2020-05-17 23:00:00,0.0
2020-05-17 23:15:00,0.0
2020-05-17 23:30:00,0.0
2020-05-17 23:45:00,0.0
2020-05-18 00:00:00,0.0
2020-05-18 00:15:00,0.0
2020-05-18 00:30:00,0.0
2020-05-18 00:45:00,0.0
2020-05-18 01:00:00,0.0
2020-05-18 01:15:00,0.0
2020-05-18 01:30:00,0.0
2020-05-18 01:45:00,0.0
2020-05-18 02:00:00,0.0
2020-05-18 02:15:00,0.0
2020-05-18 02:30:00,0.0
2020-05-18 02:45:00,0.0
2020-05-18 03:00:00,0.0
2020-05-18 03:15:00,0.0
2020-05-18 03:30:00,0.0
2020-05-18 03:45:00,0.0
2020-05-18 04:00:00,0.0
2020-05-18 04:15:00,0.0
2020-05-18 04:30:00,0.0
2020-05-18 04:45:00,0.0
2020-05-18 05:00:00,0.0
2020-05-18 05:15:00,0.0
2020-05-18 05:30:00,0.0
2020-05-18 05:45:00,0.0
2020-05-18 06:00:00,0.153528571429
2020-05-18 06:15:00,0.8148803571600001
2020-05-18 06:30:00,1.59339999999
2020-05-18 06:45:00,2.4503089286999997
2020-05-18 07:00:00,3.6293196429
2020-05-18 07:15:00,5.7545964286
2020-05-18 07:30:00,7.4576535716
2020-05-18 07:45:00,3.8187375
2020-05-18 08:00:00,2.7182392857
2020-05-18 08:15:00,2.9589553572
2020-05-18 08:30:00,3.9287928572
2020-05-18 08:45:00,4.1499160714
2020-05-18 09:00:00,3.8215053571
2020-05-18 09:15:00,3.7052410715
2020-05-18 09:30:00,3.2033714285
2020-05-18 09:45:00,3.284105357
2020-05-18 10:00:00,3.7750500000000002
2020-05-18 10:15:00,4.7740821429
2020-05-18 10:30:00,6.9270553571999995
2020-05-18 10:45:00,12.1675482142
2020-05-18 11:00:00,13.834633928699999
2020-05-18 11:15:00,15.3212107143
2020-05-18 11:30:00,11.2455267856
2020-05-18 11:45:00,13.3303035716
2020-05-18 12:00:00,17.6081660714
2020-05-18 12:15:00,18.485182143
2020-05-18 12:30:00,18.2529999999
2020-05-18 12:45:00,17.1136928571
2020-05-18 13:00:00,17.3586875
2020-05-18 13:15:00,21.126508928499998
2020-05-18 13:30:00,24.320087500000003
2020-05-18 13:45:00,27.601919643000002
2020-05-18 14:00:00,20.617391070900002
2020-05-18 14:15:00,10.6983214286
2020-05-18 14:30:00,14.196612499999999
2020-05-18 14:45:00,13.6578089286
2020-05-18 15:00:00,16.8165267857
2020-05-18 15:15:00,17.090835714199997
2020-05-18 15:30:00,16.2156071431
2020-05-18 15:45:00,15.1437982143
2020-05-18 16:00:00,12.760117857
2020-05-18 16:15:00,9.1766285715
2020-05-18 16:30:00,8.0103750001
2020-05-18 16:45:00,6.2540428572
2020-05-18 17:00:00,4.7919446428
2020-05-18 17:15:00,3.5760178571
2020-05-18 17:30:00,2.4520303572
2020-05-18 17:45:00,1.5678125
2020-05-18 18:00:00,0.90502142858
2020-05-18 18:15:00,0.35188392856
2020-05-18 18:30:00,0.0017250000000000002
2020-05-18 18:45:00,0.0
2020-05-18 19:00:00,0.0
2020-05-18 19:15:00,0.0
2020-05-18 19:30:00,0.0
2020-05-18 19:45:00,0.0
2020-05-18 20:00:00,0.0
2020-05-18 20:15:00,0.0
2020-05-18 20:30:00,0.0
2020-05-18 20:45:00,0.0
2020-05-18 21:00:00,0.0
2020-05-18 21:15:00,0.0
2020-05-18 21:30:00,0.0
2020-05-18 21:45:00,0.0
2020-05-18 22:00:00,0.0
2020-05-18 22:15:00,0.0
2020-05-18 22:30:00,0.0
2020-05-18 22:45:00,0.0
2020-05-18 23:00:00,0.0
2020-05-18 23:15:00,0.0
2020-05-18 23:30:00,0.0
2020-05-18 23:45:00,0.0
2020-05-19 00:00:00,0.0
2020-05-19 00:15:00,0.0
2020-05-19 00:30:00,0.0
2020-05-19 00:45:00,0.0
2020-05-19 01:00:00,0.0
2020-05-19 01:15:00,0.0
2020-05-19 01:30:00,0.0
2020-05-19 01:45:00,0.0
2020-05-19 02:00:00,0.0
2020-05-19 02:15:00,0.0
2020-05-19 02:30:00,0.0
2020-05-19 02:45:00,0.0
2020-05-19 03:00:00,0.0
2020-05-19 03:15:00,0.0
2020-05-19 03:30:00,0.0
2020-05-19 03:45:00,0.0
2020-05-19 04:00:00,0.0
2020-05-19 04:15:00,0.0
2020-05-19 04:30:00,0.0
2020-05-19 04:45:00,0.0
2020-05-19 05:00:00,0.0
2020-05-19 05:15:00,0.0
2020-05-19 05:30:00,0.0
2020-05-19 05:45:00,0.0
2020-05-19 06:00:00,0.0
2020-05-19 06:15:00,0.204053571435
2020-05-19 06:30:00,0.37038928572999996
2020-05-19 06:45:00,1.54908214286
2020-05-19 07:00:00,5.3101964286
2020-05-19 07:15:00,5.7081910715
2020-05-19 07:30:00,5.7460714287
2020-05-19 07:45:00,7.0641178571
2020-05-19 08:00:00,3.9922071428
2020-05-19 08:15:00,5.8292017858
2020-05-19 08:30:00,9.1330910714
2020-05-19 08:45:00,8.5973196429
2020-05-19 09:00:00,12.0156892857
2020-05-19 09:15:00,13.2910714284
2020-05-19 09:30:00,17.974891071400002
2020-05-19 09:45:00,15.0687267858
2020-05-19 10:00:00,13.9411571428
2020-05-19 10:15:00,16.8595285713
2020-05-19 10:30:00,15.0283714286
2020-05-19 10:45:00,17.9472732144
2020-05-19 11:00:00,22.248723213799998
2020-05-19 11:15:00,15.549028571500001
2020-05-19 11:30:00,8.7552333332
2020-05-19 12:30:00,21.2069666666
2020-05-19 12:45:00,24.60355
2020-05-19 13:00:00,21.094757143
2020-05-19 13:15:00,16.6015
2020-05-19 13:30:00,16.4054285715
2020-05-19 13:45:00,21.658137500000002
2020-05-19 14:00:00,19.4433142856
2020-05-19 14:15:00,20.507975
2020-05-19 14:30:00,21.8405857136
2020-05-19 14:45:00,20.8144464286
2020-05-19 15:00:00,15.8790696429
2020-05-19 15:15:00,13.0374642857
2020-05-19 15:30:00,14.049475000000001
2020-05-19 15:45:00,11.7283875
2020-05-19 16:00:00,14.0132428571
2020-05-19 16:15:00,11.4129875
2020-05-19 16:30:00,8.1357125
2020-05-19 16:45:00,6.5816857144
2020-05-19 17:00:00,4.7133875
2020-05-19 17:15:00,3.2142571428
2020-05-19 17:30:00,2.18935
2020-05-19 17:45:00,0.93345714289
2020-05-19 18:00:00,0.0017375
2020-05-19 18:15:00,0.0
2020-05-19 18:30:00,0.0
2020-05-19 18:45:00,0.0
2020-05-19 19:00:00,0.0
2020-05-19 19:15:00,0.0
2020-05-19 19:30:00,0.0
2020-05-19 19:45:00,0.0
2020-05-19 20:00:00,0.0
2020-05-19 20:15:00,0.0
2020-05-19 20:30:00,0.0
2020-05-19 20:45:00,0.0
2020-05-19 21:00:00,0.0
2020-05-19 21:15:00,0.0
2020-05-19 21:30:00,0.0
2020-05-19 21:45:00,0.0
2020-05-19 22:00:00,0.0
2020-05-19 22:15:00,0.0
2020-05-19 22:30:00,0.0
2020-05-19 22:45:00,0.0
2020-05-19 23:00:00,0.0
2020-05-19 23:15:00,0.0
2020-05-19 23:30:00,0.0
2020-05-19 23:45:00,0.0
2020-05-20 00:00:00,0.0
2020-05-20 00:15:00,0.0
2020-05-20 00:30:00,0.0
2020-05-20 00:45:00,0.0
2020-05-20 01:00:00,0.0
2020-05-20 01:15:00,0.0
2020-05-20 01:30:00,0.0
2020-05-20 01:45:00,0.0
2020-05-20 02:00:00,0.0
2020-05-20 02:15:00,0.0
2020-05-20 02:30:00,0.0
2020-05-20 02:45:00,0.0
2020-05-20 03:00:00,0.0
2020-05-20 03:15:00,0.0
2020-05-20 03:30:00,0.0
2020-05-20 03:45:00,0.0
2020-05-20 04:00:00,0.0
2020-05-20 04:15:00,0.0
2020-05-20 04:30:00,0.0
2020-05-20 04:45:00,0.0
2020-05-20 05:00:00,0.0
2020-05-20 05:15:00,0.0
2020-05-20 05:30:00,0.0
2020-05-20 05:45:00,0.0
2020-05-20 06:00:00,0.214928571426
2020-05-20 06:15:00,0.9178624999999999
2020-05-20 06:30:00,1.51038571428
2020-05-20 06:45:00,2.0655535715
2020-05-20 07:00:00,3.4927946430000003
2020-05-20 07:15:00,5.4174321428
2020-05-20 07:30:00,7.4185857142
2020-05-20 07:45:00,9.2823232144
2020-05-20 08:00:00,11.258394642999999
2020-05-20 08:15:00,12.7351410714
2020-05-20 08:30:00,14.616151785800001
2020-05-20 08:45:00,15.052230357300001
2020-05-20 09:00:00,16.9428535714
2020-05-20 09:15:00,18.1044196428
2020-05-20 09:30:00,18.776135714299997
2020-05-20 09:45:00,20.5601803573
2020-05-20 10:00:00,21.9385339287
2020-05-20 10:15:00,23.596942858
2020-05-20 10:30:00,23.503983928
2020-05-20 10:45:00,23.7081160714
2020-05-20 11:00:00,24.704103571
2020-05-20 11:15:00,25.928653570999998
2020-05-20 11:30:00,26.904775
2020-05-20 11:45:00,26.246678573
2020-05-20 12:00:00,27.154991071
2020-05-20 12:15:00,27.515057144
2020-05-20 12:30:00,27.383037498999997
2020-05-20 12:45:00,27.250508928
2020-05-20 13:00:00,24.816001786
2020-05-20 13:15:00,26.105956665999997
2020-05-20 17:30:00,3.987
2020-05-20 17:45:00,3.3340160714
2020-05-20 18:00:00,1.7679125
2020-05-20 18:15:00,0.7649767857199999
2020-05-20 18:30:00,0.107948214286
2020-05-20 18:45:00,0.0
2020-05-20 19:00:00,0.0
2020-05-20 19:15:00,0.0
2020-05-20 19:30:00,0.0
2020-05-20 19:45:00,0.0
2020-05-20 20:00:00,0.0
2020-05-20 20:15:00,0.0
2020-05-20 20:30:00,0.0
2020-05-20 20:45:00,0.0
2020-05-20 21:00:00,0.0
2020-05-20 21:15:00,0.0
2020-05-20 21:30:00,0.0
2020-05-20 21:45:00,0.0
2020-05-20 22:00:00,0.0
2020-05-20 22:15:00,0.0
2020-05-20 22:30:00,0.0
2020-05-20 22:45:00,0.0
2020-05-21 07:45:00,7.4948999999999995
2020-05-21 08:00:00,9.2504966667
2020-05-21 08:15:00,12.2911392858
2020-05-21 08:30:00,13.9665142858
2020-05-21 08:45:00,16.1728958334
2020-05-21 09:00:00,17.6209125
2020-05-21 09:15:00,18.832866071399998
2020-05-21 09:30:00,21.140064286199998
2020-05-21 09:45:00,21.510548213699998
2020-05-21 10:00:00,13.093902857000002
2020-05-21 10:15:00,15.280857142999999
2020-05-21 10:30:00,20.6828089286
2020-05-21 10:45:00,22.6756160699
2020-05-21 11:00:00,22.2159053556
2020-05-21 11:15:00,27.497275000000002
2020-05-21 11:30:00,26.801030357
2020-05-21 11:45:00,25.4767625
2020-05-21 12:00:00,23.022417858100003
2020-05-21 12:15:00,24.017639286
2020-05-21 12:30:00,17.0223553572
2020-05-21 12:45:00,21.468730357200002
2020-05-21 13:00:00,21.7184189286
2020-05-21 13:15:00,27.574482143
2020-05-21 13:30:00,22.8412053559
2020-05-21 13:45:00,23.2060321439
2020-05-21 14:00:00,21.565292858299998
2020-05-21 14:15:00,17.6518428571
2020-05-21 14:30:00,15.2246696429
2020-05-21 14:45:00,17.829667857100002
2020-05-21 15:00:00,21.476974405200004
2020-05-21 15:15:00,11.1433660716
2020-05-21 15:30:00,16.0316928571
2020-05-21 15:45:00,11.4982624998
2020-05-21 16:00:00,8.5096142857
2020-05-21 16:15:00,7.3314571427
2020-05-21 16:30:00,9.3677517859
2020-05-21 16:45:00,5.3262446429
2020-05-21 17:00:00,2.2780892856999997
2020-05-21 17:15:00,1.61935000001
2020-05-21 17:30:00,1.25435357143
2020-05-21 17:45:00,0.9273339285900001
2020-05-21 18:00:00,0.65739107142
2020-05-21 18:15:00,0.17331785714
2020-05-21 18:30:00,0.0
2020-05-21 18:45:00,0.0
2020-05-21 19:00:00,0.0
2020-05-21 19:15:00,0.0
2020-05-21 19:30:00,0.0
2020-05-21 19:45:00,0.0
2020-05-21 20:00:00,0.0
2020-05-21 20:15:00,0.0
2020-05-21 20:30:00,0.0
2020-05-21 20:45:00,0.0
2020-05-21 21:00:00,0.0
2020-05-21 21:15:00,0.0
2020-05-21 21:30:00,0.0
2020-05-21 21:45:00,0.0
2020-05-21 22:00:00,0.0
2020-05-21 22:15:00,0.0
2020-05-21 22:30:00,0.0
2020-05-21 22:45:00,0.0
2020-05-21 23:00:00,0.0
2020-05-21 23:15:00,0.0
2020-05-21 23:30:00,0.0
2020-05-21 23:45:00,0.0
2020-05-22 00:00:00,0.0
2020-05-22 00:15:00,0.0
2020-05-22 00:30:00,0.0
2020-05-22 00:45:00,0.0
2020-05-22 01:00:00,0.0
2020-05-22 01:15:00,0.0
2020-05-22 01:30:00,0.0
2020-05-22 01:45:00,0.0
2020-05-22 02:00:00,0.0
2020-05-22 02:15:00,0.0
2020-05-22 02:30:00,0.0
2020-05-22 02:45:00,0.0
2020-05-22 03:00:00,0.0
2020-05-22 03:15:00,0.0
2020-05-22 03:30:00,0.0
2020-05-22 03:45:00,0.0
2020-05-22 04:00:00,0.0
2020-05-22 04:15:00,0.0
2020-05-22 04:30:00,0.0
2020-05-22 04:45:00,0.0
2020-05-22 05:00:00,0.0
2020-05-22 05:15:00,0.0
2020-05-22 05:30:00,0.0
2020-05-22 05:45:00,0.0
2020-05-22 06:00:00,0.46910892858
2020-05-22 06:15:00,1.21309821432
2020-05-22 06:30:00,1.91349821429
2020-05-22 06:45:00,2.5419982144
2020-05-22 07:00:00,3.4486339286
2020-05-22 07:15:00,7.642842857
2020-05-22 07:30:00,9.7528982143
2020-05-22 07:45:00,9.4516857143
2020-05-22 08:00:00,10.8474267856
2020-05-22 08:15:00,10.159721428500001
2020-05-22 08:30:00,5.637371428600001
2020-05-22 08:45:00,8.3384535713
2020-05-22 09:00:00,11.0141603572
2020-05-22 09:15:00,12.195801785699999
2020-05-22 09:30:00,13.842803571500001
2020-05-22 09:45:00,11.6098067857
2020-05-22 10:00:00,14.8200071427
2020-05-22 10:15:00,20.2712517856
2020-05-22 10:30:00,12.2817964285
2020-05-22 10:45:00,18.1346500001
2020-05-22 11:00:00,17.3752928571
2020-05-22 11:15:00,16.5352860714
2020-05-22 11:30:00,27.30816607
2020-05-22 11:45:00,26.879828570999997
2020-05-22 12:00:00,27.677362499
2020-05-22 12:15:00,21.63685
2020-05-22 12:30:00,20.3003875002
2020-05-22 12:45:00,24.282625001299998
2020-05-22 13:00:00,23.0664690486
2020-05-22 13:15:00,24.029846429000003
2020-05-22 13:30:00,23.499646428600002
2020-05-22 13:45:00,19.3440410716
2020-05-22 14:00:00,21.292655357
2020-05-22 14:15:00,18.061051785700002
2020-05-22 14:30:00,23.2954232143
2020-05-22 14:45:00,22.5199910695
2020-05-22 15:00:00,20.6333196428
2020-05-22 15:15:00,13.937466071500001
2020-05-22 15:30:00,9.2254125001
2020-05-22 15:45:00,9.826455357299999
2020-05-22 16:00:00,6.8921410714
2020-05-22 16:15:00,5.9920285715
2020-05-22 16:30:00,4.8079375000999995
2020-05-22 16:45:00,4.1611910715
2020-05-22 17:00:00,3.4678732143
2020-05-22 17:15:00,2.5580553573
2020-05-22 17:30:00,1.71003214286
2020-05-22 17:45:00,1.09023928572
2020-05-22 18:00:00,0.59864464287
2020-05-22 18:15:00,0.237373214283
2020-05-22 18:30:00,0.0
2020-05-22 18:45:00,0.0
2020-05-22 19:00:00,0.0
2020-05-22 19:15:00,0.0
2020-05-22 19:30:00,0.0
2020-05-22 19:45:00,0.0
2020-05-22 20:00:00,0.0
2020-05-22 20:15:00,0.0
2020-05-22 20:30:00,0.0
2020-05-22 20:45:00,0.0
2020-05-22 21:00:00,0.0
2020-05-22 21:15:00,0.0
2020-05-22 21:30:00,0.0
2020-05-22 21:45:00,0.0
2020-05-22 22:00:00,0.0
2020-05-22 22:15:00,0.0
2020-05-22 22:30:00,0.0
2020-05-22 22:45:00,0.0
2020-05-22 23:00:00,0.0
2020-05-22 23:15:00,0.0
2020-05-22 23:30:00,0.0
2020-05-22 23:45:00,0.0
2020-05-23 00:00:00,0.0
2020-05-23 00:15:00,0.0
2020-05-23 00:30:00,0.0
2020-05-23 00:45:00,0.0
2020-05-23 01:00:00,0.0
2020-05-23 01:15:00,0.0
2020-05-23 01:30:00,0.0
2020-05-23 01:45:00,0.0
2020-05-23 02:00:00,0.0
2020-05-23 02:15:00,0.0
2020-05-23 02:30:00,0.0
2020-05-23 02:45:00,0.0
2020-05-23 03:00:00,0.0
2020-05-23 03:15:00,0.0
2020-05-23 03:30:00,0.0
2020-05-23 03:45:00,0.0
2020-05-23 04:00:00,0.0
2020-05-23 04:15:00,0.0
2020-05-23 04:30:00,0.0
2020-05-23 04:45:00,0.0
2020-05-23 05:00:00,0.0
2020-05-23 06:45:00,1.41949333332
2020-05-23 07:00:00,2.1734089286
2020-05-23 07:15:00,4.4697196428999995
2020-05-23 07:30:00,6.914185714399999
2020-05-23 07:45:00,8.061187500199999
2020-05-23 08:00:00,9.55655
2020-05-23 08:15:00,14.317157142800001
2020-05-23 08:30:00,16.905373214300003
2020-05-23 08:45:00,16.490969643
2020-05-23 09:00:00,17.6825428571
2020-05-23 09:15:00,19.1130571429
2020-05-23 09:30:00,17.471008928499998
2020-05-23 09:45:00,19.6302553569
2020-05-23 10:00:00,19.438162499999997
2020-05-23 10:15:00,18.9295178572
2020-05-23 10:30:00,18.8083839285
2020-05-23 10:45:00,21.1009803576
2020-05-23 11:00:00,22.4727160705
2020-05-23 11:15:00,26.868626787
2020-05-23 11:30:00,27.225082141999998
2020-05-23 11:45:00,27.585078571
2020-05-23 12:00:00,26.966792856
2020-05-23 12:15:00,28.516901786
2020-05-23 12:30:00,25.656232141
2020-05-23 12:45:00,19.3474267858
2020-05-23 13:00:00,23.148253572
2020-05-23 13:15:00,24.999864285
2020-05-23 13:30:00,25.8240875
2020-05-23 13:45:00,26.860405357
2020-05-23 14:00:00,22.2095857152
2020-05-23 14:15:00,17.3639892856
2020-05-23 14:30:00,16.2032464287
2020-05-23 14:45:00,15.3986374999
2020-05-23 15:00:00,12.7733785715
2020-05-23 15:15:00,16.3394160715
2020-05-23 15:30:00,19.2280660713
2020-05-23 15:45:00,16.0750357142
2020-05-23 16:00:00,14.006448214399999
2020-05-23 16:15:00,12.6520267859
2020-05-23 16:30:00,11.892262500000001
2020-05-23 16:45:00,8.733496428599999
2020-05-23 17:00:00,7.1647071429
2020-05-23 17:15:00,6.0490999998
2020-05-23 17:30:00,4.3818910714
2020-05-23 17:45:00,3.3749017857
2020-05-23 18:00:00,2.7916803571999997
2020-05-23 18:15:00,1.22380535716
2020-05-23 18:30:00,0.06919107142900001
2020-05-23 18:45:00,0.0
2020-05-23 19:00:00,0.0
2020-05-23 19:15:00,0.0
2020-05-23 19:30:00,0.0
2020-05-23 19:45:00,0.0
2020-05-23 20:00:00,0.0
2020-05-23 20:15:00,0.0
2020-05-23 20:30:00,0.0
2020-05-23 20:45:00,0.0
2020-05-23 21:00:00,0.0
2020-05-23 21:15:00,0.0
2020-05-23 21:30:00,0.0
2020-05-23 22:00:00,0.0
2020-05-23 22:15:00,0.0
2020-05-23 22:30:00,0.0
2020-05-23 22:45:00,0.0
2020-05-23 23:00:00,0.0
2020-05-23 23:15:00,0.0
2020-05-23 23:30:00,0.0
2020-05-23 23:45:00,0.0
2020-05-24 00:00:00,0.0
2020-05-24 00:15:00,0.0
2020-05-24 00:30:00,0.0
2020-05-24 00:45:00,0.0
2020-05-24 01:00:00,0.0
2020-05-24 01:15:00,0.0
2020-05-24 01:30:00,0.0
2020-05-24 01:45:00,0.0
2020-05-24 02:00:00,0.0
2020-05-24 02:15:00,0.0
2020-05-24 02:30:00,0.0
2020-05-24 02:45:00,0.0
2020-05-24 03:00:00,0.0
2020-05-24 03:15:00,0.0
2020-05-24 03:30:00,0.0
2020-05-24 03:45:00,0.0
2020-05-24 04:00:00,0.0
2020-05-24 04:15:00,0.0
2020-05-24 04:30:00,0.0
2020-05-24 04:45:00,0.0
2020-05-24 05:00:00,0.0
2020-05-24 05:15:00,0.0
2020-05-24 05:30:00,0.0
2020-05-24 05:45:00,0.0
2020-05-24 06:00:00,0.229539285712
2020-05-24 06:15:00,0.85126071429
2020-05-24 06:30:00,1.5865750000099998
2020-05-24 06:45:00,2.5506321429
2020-05-24 07:00:00,3.8034232142
2020-05-24 07:15:00,5.2545017856000005
2020-05-24 07:30:00,6.9357446427000005
2020-05-24 07:45:00,8.6483732143
2020-05-24 08:00:00,10.3668571427
2020-05-24 08:15:00,11.275014285600001
2020-05-24 08:30:00,15.020817857199999
2020-05-24 08:45:00,11.194048214299999
2020-05-24 09:00:00,16.240244643
2020-05-24 09:15:00,14.791325
2020-05-24 09:30:00,17.6059589287
2020-05-24 09:45:00,13.5753571429
2020-05-24 10:00:00,15.6252982143
2020-05-24 10:15:00,18.2028107142
2020-05-24 10:30:00,20.087175
2020-05-24 10:45:00,25.1155196433
2020-05-24 11:00:00,23.0469214279
2020-05-24 11:15:00,23.9876464296
2020-05-24 11:30:00,24.898628571
2020-05-24 11:45:00,24.8978267864
2020-05-24 12:00:00,25.558042857
2020-05-24 12:15:00,26.957596427000002
2020-05-24 12:30:00,24.999141071999997
2020-05-24 12:45:00,25.867558928999998
2020-05-24 13:00:00,26.105680358
2020-05-24 13:15:00,25.481630355
2020-05-24 13:30:00,20.4628678573
2020-05-24 13:45:00,25.119146429
2020-05-24 14:00:00,19.2527482145
2020-05-24 14:15:00,23.340076786
2020-05-24 14:30:00,17.4924910711
2020-05-24 14:45:00,19.9684500003
2020-05-24 15:00:00,18.8340464288
2020-05-24 15:15:00,12.8387535714
2020-05-24 15:30:00,8.3688749999
2020-05-24 15:45:00,6.6056249999
2020-05-24 16:00:00,9.055880357100001
2020-05-24 16:15:00,8.6371285714
2020-05-24 16:30:00,7.5397107142
2020-05-24 16:45:00,8.7167785715
2020-05-24 17:00:00,8.6479589286
2020-05-24 17:15:00,5.6781732142
2020-05-24 17:30:00,3.7495839285
2020-05-24 17:45:00,2.3333339285
2020-05-24 18:00:00,1.30360535714
2020-05-24 18:15:00,0.79300357142
2020-05-24 18:30:00,0.31842321428000003
2020-05-24 18:45:00,0.0
2020-05-24 19:00:00,0.0
2020-05-24 19:15:00,0.0
2020-05-24 19:30:00,0.0
2020-05-24 19:45:00,0.0
2020-05-24 20:00:00,0.0
2020-05-24 20:15:00,0.0
2020-05-24 20:30:00,0.0
2020-05-24 20:45:00,0.0
2020-05-24 21:00:00,0.0
2020-05-24 21:15:00,0.0
2020-05-24 21:30:00,0.0
2020-05-24 21:45:00,0.0
2020-05-24 22:00:00,0.0
2020-05-24 22:15:00,0.0
2020-05-24 22:30:00,0.0
2020-05-24 22:45:00,0.0
2020-05-24 23:00:00,0.0
2020-05-24 23:15:00,0.0
2020-05-24 23:30:00,0.0
2020-05-24 23:45:00,0.0
2020-05-25 00:00:00,0.0
2020-05-25 00:15:00,0.0
2020-05-25 00:30:00,0.0
2020-05-25 00:45:00,0.0
2020-05-25 01:00:00,0.0
2020-05-25 01:15:00,0.0
2020-05-25 01:30:00,0.0
2020-05-25 01:45:00,0.0
2020-05-25 02:00:00,0.0
2020-05-25 02:15:00,0.0
2020-05-25 02:30:00,0.0
2020-05-25 02:45:00,0.0
2020-05-25 03:00:00,0.0
2020-05-25 03:15:00,0.0
2020-05-25 03:30:00,0.0
2020-05-25 03:45:00,0.0
2020-05-25 04:00:00,0.0
2020-05-25 04:15:00,0.0
2020-05-25 04:30:00,0.0
2020-05-25 04:45:00,0.0
2020-05-25 05:00:00,0.0
2020-05-25 05:15:00,0.0
2020-05-25 05:30:00,0.0
2020-05-25 06:00:00,0.0
2020-05-25 06:15:00,0.87213928571
2020-05-25 06:30:00,1.54054464288
2020-05-25 06:45:00,2.5175374999
2020-05-25 07:00:00,3.7173017854999997
2020-05-25 07:15:00,5.2651928571
2020-05-25 07:30:00,5.9312000001
2020-05-25 07:45:00,7.812399999999999
2020-05-25 08:00:00,7.5216
2020-05-25 08:15:00,12.7245
2020-05-25 08:30:00,14.3833000001
2020-05-25 08:45:00,15.9909875
2020-05-25 09:00:00,17.7788428572
2020-05-25 09:15:00,19.2017375
2020-05-25 09:30:00,20.4641857142
2020-05-25 09:45:00,21.712885714600002
2020-05-25 10:00:00,22.572042859299998
2020-05-25 10:15:00,22.5601714283
2020-05-25 10:30:00,24.013687498
2020-05-25 10:45:00,24.964317857999998
2020-05-25 11:00:00,25.487848213
2020-05-25 11:15:00,25.881605357
2020-05-25 11:30:00,26.336675
2020-05-25 11:45:00,26.779523216
2020-05-25 12:00:00,26.812625
2020-05-25 12:15:00,27.011314287
2020-05-25 12:30:00,26.95295
2020-05-25 12:45:00,26.70237143
2020-05-25 13:00:00,26.3709375
2020-05-25 13:15:00,25.592466666
2020-05-25 13:30:00,24.488328570999997
2020-05-25 13:45:00,24.972653573
2020-05-25 14:00:00,24.446066071
2020-05-25 14:15:00,22.654542856299997
2020-05-25 14:30:00,21.7696732142
2020-05-25 14:45:00,20.173346427700004
2020-05-25 15:00:00,21.724958929
2020-05-25 15:15:00,19.1131696429
2020-05-25 15:30:00,16.9979160714
2020-05-25 15:45:00,18.316873214300003
2020-05-25 16:00:00,16.5134857141
2020-05-25 16:15:00,9.337299999999999
2020-05-25 16:30:00,4.2587714285
2020-05-25 16:45:00,2.840975
2020-05-25 17:00:00,2.4212142857
2020-05-25 17:15:00,2.080525
2020-05-25 17:30:00,1.48867142856
2020-05-25 17:45:00,1.03715535715
2020-05-25 18:00:00,0.91644821431
2020-05-25 18:15:00,0.47923035714
2020-05-25 18:30:00,0.071964285715
2020-05-25 18:45:00,0.0
2020-05-25 19:00:00,0.0
2020-05-25 19:15:00,0.0
2020-05-25 19:30:00,0.0
2020-05-25 19:45:00,0.0
2020-05-25 20:00:00,0.0
2020-05-25 20:15:00,0.0
2020-05-25 20:30:00,0.0
2020-05-25 20:45:00,0.0
2020-05-25 21:00:00,0.0
2020-05-25 21:15:00,0.0
2020-05-25 21:30:00,0.0
2020-05-25 21:45:00,0.0
2020-05-25 22:00:00,0.0
2020-05-25 22:15:00,0.0
2020-05-25 22:30:00,0.0
2020-05-25 22:45:00,0.0
2020-05-25 23:00:00,0.0
2020-05-25 23:15:00,0.0
2020-05-25 23:30:00,0.0
2020-05-25 23:45:00,0.0
2020-05-26 00:00:00,0.0
2020-05-26 00:15:00,0.0
2020-05-26 00:30:00,0.0
2020-05-26 00:45:00,0.0
2020-05-26 01:00:00,0.0
2020-05-26 01:15:00,0.0
2020-05-26 01:30:00,0.0
2020-05-26 01:45:00,0.0
2020-05-26 02:00:00,0.0
2020-05-26 02:15:00,0.0
2020-05-26 02:30:00,0.0
2020-05-26 02:45:00,0.0
2020-05-26 03:00:00,0.0
2020-05-26 03:15:00,0.0
2020-05-26 03:30:00,0.0
2020-05-26 03:45:00,0.0
2020-05-26 04:00:00,0.0
2020-05-26 04:15:00,0.0
2020-05-26 04:30:00,0.0
2020-05-26 04:45:00,0.0
2020-05-26 05:00:00,0.0
2020-05-26 05:15:00,0.0
2020-05-26 05:30:00,0.0
2020-05-26 05:45:00,0.0
2020-05-26 06:00:00,0.265921428576
2020-05-26 06:15:00,0.8350339285799999
2020-05-26 06:30:00,1.60212142857
2020-05-26 06:45:00,2.5942571429999997
2020-05-26 07:00:00,3.9332875001
2020-05-26 07:15:00,5.5197517856000005
2020-05-26 07:30:00,7.2085517856
2020-05-26 07:45:00,9.0483053572
2020-05-26 08:00:00,10.928510714100002
2020-05-26 08:15:00,12.7203464286
2020-05-26 08:30:00,14.481433928800001
2020-05-26 08:45:00,16.1264339286
2020-05-26 09:00:00,17.6754642858
2020-05-26 09:15:00,19.036255357199998
2020-05-26 09:30:00,20.4277821431
2020-05-26 09:45:00,21.0869339285
2020-05-26 10:00:00,22.916071429200002
2020-05-26 10:15:00,21.116774999599997
2020-05-26 10:30:00,25.2704482157
2020-05-26 10:45:00,24.0591285733
2020-05-26 11:00:00,26.148817857999997
2020-05-26 11:15:00,16.646948214200002
2020-05-26 11:30:00,23.523776785
2020-05-26 11:45:00,21.017344641700003
2020-05-26 12:00:00,22.6225124997
2020-05-26 12:15:00,27.163685712
2020-05-26 12:30:00,16.8229785714
2020-05-26 12:45:00,26.211308926999997
2020-05-26 13:00:00,17.596396428600002
2020-05-26 13:15:00,18.488082142800003
2020-05-26 13:30:00,23.1222178571
2020-05-26 13:45:00,26.400717857
2020-05-26 14:00:00,17.828310714300002
2020-05-26 14:15:00,7.4473160712999995
2020-05-26 14:30:00,15.4670714284
2020-05-26 14:45:00,9.8241660713
2020-05-26 15:00:00,9.7397232143
2020-05-26 15:15:00,9.167598214400002
2020-05-26 15:30:00,17.367239285700002
2020-05-26 15:45:00,16.2601910715
2020-05-26 16:00:00,11.0346392856
2020-05-26 16:15:00,13.625299999900001
2020-05-26 16:30:00,11.565260714199999
2020-05-26 16:45:00,12.835807142899998
2020-05-26 17:00:00,9.125328571399999
2020-05-26 17:15:00,2.16481071428
2020-05-26 17:30:00,1.37789821429
2020-05-26 17:45:00,1.07099107141
2020-05-26 18:00:00,0.78541607142
2020-05-26 18:15:00,0.17909999999999998
2020-05-26 18:30:00,0.0
2020-05-26 18:45:00,0.0
2020-05-26 19:00:00,0.0
2020-05-26 19:15:00,0.0
2020-05-26 19:30:00,0.0
2020-05-26 19:45:00,0.0
2020-05-26 20:00:00,0.0
2020-05-26 20:15:00,0.0
2020-05-26 20:30:00,0.0
2020-05-26 20:45:00,0.0
2020-05-26 21:00:00,0.0
2020-05-26 21:15:00,0.0
2020-05-26 21:30:00,0.0
2020-05-26 21:45:00,0.0
2020-05-26 22:00:00,0.0
2020-05-26 22:15:00,0.0
2020-05-26 22:30:00,0.0
2020-05-26 22:45:00,0.0
2020-05-26 23:00:00,0.0
2020-05-26 23:15:00,0.0
2020-05-26 23:30:00,0.0
2020-05-26 23:45:00,0.0
2020-05-27 00:00:00,0.0
2020-05-27 00:15:00,0.0
2020-05-27 00:30:00,0.0
2020-05-27 00:45:00,0.0
2020-05-27 01:00:00,0.0
2020-05-27 01:15:00,0.0
2020-05-27 01:30:00,0.0
2020-05-27 01:45:00,0.0
2020-05-27 02:00:00,0.0
2020-05-27 02:15:00,0.0
2020-05-27 02:30:00,0.0
2020-05-27 02:45:00,0.0
2020-05-27 03:00:00,0.0
2020-05-27 03:15:00,0.0
2020-05-27 03:30:00,0.0
2020-05-27 03:45:00,0.0
2020-05-27 04:00:00,0.0
2020-05-27 04:15:00,0.0
2020-05-27 04:30:00,0.0
2020-05-27 04:45:00,0.0
2020-05-27 05:00:00,0.0
2020-05-27 05:15:00,0.0
2020-05-27 05:30:00,0.0
2020-05-27 05:45:00,0.0
2020-05-27 06:00:00,0.30129642859
2020-05-27 06:15:00,0.79672035715
2020-05-27 06:30:00,1.76757678571
2020-05-27 06:45:00,3.2599196430000004
2020-05-27 07:00:00,4.2090309524
2020-05-27 07:15:00,4.2170642859
2020-05-27 07:30:00,7.2976982143
2020-05-27 07:45:00,8.4853314285
2020-05-27 08:00:00,10.0701535716
2020-05-27 08:15:00,12.4682565476
2020-05-27 08:30:00,12.1549839286
2020-05-27 08:45:00,15.4890517857
2020-05-27 09:00:00,17.3369374999
2020-05-27 09:15:00,17.8935457141
2020-05-27 09:30:00,18.493119642999996
2020-05-27 09:45:00,18.059756429100002
2020-05-27 10:00:00,17.5987166666
2020-05-27 10:15:00,13.316069642799999
2020-05-27 10:30:00,18.2802779761
2020-05-27 10:45:00,15.7874714284
2020-05-27 11:00:00,16.4771285714
2020-05-27 11:15:00,24.291770239
2020-05-27 11:30:00,26.215605952999997
2020-05-27 11:45:00,20.8993482148
2020-05-27 12:00:00,25.971926785
2020-05-27 12:15:00,16.9767053565
2020-05-27 12:30:00,14.9876607144
2020-05-27 12:45:00,16.7689500002
2020-05-27 13:00:00,19.769525
2020-05-27 13:15:00,10.5345321428
2020-05-27 13:30:00,9.377582738200001
2020-05-27 13:45:00,9.609105357099999
2020-05-27 14:00:00,9.1895535714
2020-05-27 14:15:00,8.8697589288
2020-05-27 14:30:00,20.3270464284
2020-05-27 14:45:00,10.848227381000001
2020-05-27 15:00:00,10.883778571299999
2020-05-27 15:15:00,9.1561839285
2020-05-27 15:30:00,18.0352535715
2020-05-27 15:45:00,13.428071428400001
2020-05-27 16:00:00,13.8216499999
2020-05-27 16:15:00,11.0970285715
2020-05-27 16:30:00,10.665648214299999
2020-05-27 16:45:00,6.6523732144
2020-05-27 17:00:00,5.7059910712
2020-05-27 17:15:00,3.8402464285
2020-05-27 17:30:00,1.96124285714
2020-05-27 17:45:00,1.2930696428500001
2020-05-27 18:00:00,0.6370404761999999
2020-05-27 18:15:00,0.12714642858
2020-05-27 18:30:00,0.005725
2020-05-27 18:45:00,0.0
2020-05-27 19:00:00,0.0
2020-05-27 19:15:00,0.0
2020-05-27 19:30:00,0.0
2020-05-27 19:45:00,0.0
2020-05-27 20:00:00,0.0
2020-05-27 20:15:00,0.0
2020-05-27 20:30:00,0.0
2020-05-27 20:45:00,0.0
2020-05-27 21:00:00,0.0
2020-05-27 21:15:00,0.0
2020-05-27 21:30:00,0.0
2020-05-27 21:45:00,0.0
2020-05-27 22:00:00,0.0
2020-05-27 22:15:00,0.0
2020-05-27 22:30:00,0.0
2020-05-27 22:45:00,0.0
2020-05-27 23:00:00,0.0
2020-05-27 23:15:00,0.0
2020-05-27 23:30:00,0.0
2020-05-27 23:45:00,0.0
2020-05-28 00:00:00,0.0
2020-05-28 00:15:00,0.0
2020-05-28 00:30:00,0.0
2020-05-28 00:45:00,0.0
2020-05-28 01:00:00,0.0
2020-05-28 01:15:00,0.0
2020-05-28 01:30:00,0.0
2020-05-28 01:45:00,0.0
2020-05-28 02:00:00,0.0
2020-05-28 02:15:00,0.0
2020-05-28 02:30:00,0.0
2020-05-28 02:45:00,0.0
2020-05-28 03:00:00,0.0
2020-05-28 03:15:00,0.0
2020-05-28 03:30:00,0.0
2020-05-28 03:45:00,0.0
2020-05-28 04:00:00,0.0
2020-05-28 04:15:00,0.0
2020-05-28 04:30:00,0.0
2020-05-28 04:45:00,0.0
2020-05-28 05:00:00,0.0
2020-05-28 05:15:00,0.0
2020-05-28 05:30:00,0.0
2020-05-28 05:45:00,0.0
2020-05-28 06:00:00,0.31999464285
2020-05-28 06:15:00,0.91891607142
2020-05-28 06:30:00,1.69901428571
2020-05-28 06:45:00,2.7993250001
2020-05-28 07:00:00,4.195226785799999
2020-05-28 07:15:00,5.7690892857
2020-05-28 07:30:00,7.4062303571
2020-05-28 07:45:00,9.17175
2020-05-28 08:00:00,10.8213892858
2020-05-28 08:15:00,12.6343124999
2020-05-28 08:30:00,14.491673214299999
2020-05-28 08:45:00,16.322875
2020-05-28 09:00:00,17.7167285715
2020-05-28 09:15:00,19.0269375
2020-05-28 09:30:00,20.360317857000002
2020-05-28 09:45:00,20.765930357099997
2020-05-28 10:00:00,22.0326821431
2020-05-28 10:15:00,22.781192856
2020-05-28 10:30:00,21.1235321433
2020-05-28 10:45:00,20.2991089286
2020-05-28 11:00:00,23.6272982132
2020-05-28 11:15:00,26.766376785000002
2020-05-28 11:30:00,27.674167856
2020-05-28 11:45:00,26.917846428
2020-05-28 12:00:00,25.870578572
2020-05-28 12:15:00,27.749459999
2020-05-28 12:30:00,23.6580571445
2020-05-28 12:45:00,25.921603572
2020-05-28 13:00:00,27.568916071
2020-05-28 13:15:00,22.218780355899998
2020-05-28 13:30:00,15.5532696427
2020-05-28 13:45:00,21.3788250004
2020-05-28 14:00:00,20.2188736909
2020-05-28 14:15:00,10.3306857143
2020-05-28 14:30:00,17.519460714199997
2020-05-28 14:45:00,17.3638178572
2020-05-28 15:00:00,21.5635517857
2020-05-28 15:15:00,18.4784946428
2020-05-28 15:30:00,17.2951238095
2020-05-28 15:45:00,13.227294642999999
2020-05-28 16:00:00,6.3497130954
2020-05-28 16:15:00,9.5574285714
2020-05-28 16:30:00,9.3457267857
2020-05-28 16:45:00,8.0252619046
2020-05-28 17:00:00,7.0417809525
2020-05-28 17:15:00,5.6466666666
2020-05-28 17:30:00,2.4140610714
2020-05-28 17:45:00,1.46733392857
2020-05-28 18:00:00,1.0160285714200001
2020-05-28 18:15:00,0.56988988096
2020-05-28 18:30:00,0.126855000001
2020-05-28 18:45:00,0.0
2020-05-28 19:00:00,0.0
2020-05-28 19:15:00,0.0
2020-05-28 19:30:00,0.0
2020-05-28 19:45:00,0.0
2020-05-28 20:00:00,0.0
2020-05-28 20:15:00,0.0
2020-05-28 20:30:00,0.0
2020-05-28 20:45:00,0.0
2020-05-28 21:00:00,0.0
2020-05-28 21:15:00,0.0
2020-05-28 21:30:00,0.0
2020-05-28 21:45:00,0.0
2020-05-28 22:00:00,0.0
2020-05-28 22:15:00,0.0
2020-05-29 06:15:00,1.08037999997
2020-05-29 06:30:00,2.09973571429
2020-05-29 06:45:00,3.2733517857
2020-05-29 07:00:00,4.231389285500001
2020-05-29 07:15:00,4.268823214199999
2020-05-29 07:30:00,4.7913482143
2020-05-29 07:45:00,5.8489375001
2020-05-29 08:00:00,7.2228142858
2020-05-29 08:15:00,9.2200428572
2020-05-29 08:30:00,10.8452000001
2020-05-29 08:45:00,11.963260714399999
2020-05-29 09:00:00,14.8085589285
2020-05-29 09:15:00,19.5284303573
2020-05-29 09:30:00,14.0024964287
2020-05-29 09:45:00,18.1763946428
2020-05-29 10:00:00,18.7821184526
2020-05-29 10:15:00,25.492103572
2020-05-29 10:30:00,25.920391071999997
2020-05-29 10:45:00,24.585980359
2020-05-29 11:00:00,25.039755356999997
2020-05-29 11:15:00,23.5297910723
2020-05-29 11:30:00,19.9470482142
2020-05-29 11:45:00,27.085746429
2020-05-29 12:00:00,25.494689286
2020-05-29 12:15:00,21.911807142999997
2020-05-29 12:30:00,25.621682142
2020-05-29 12:45:00,26.621633928999998
2020-05-29 13:00:00,26.889571428
2020-05-29 13:15:00,24.891785714
2020-05-29 13:30:00,23.5558982153
2020-05-29 13:45:00,19.0956910714
2020-05-29 14:00:00,14.36605
2020-05-29 14:15:00,19.973146428899998
2020-05-29 14:30:00,17.6027785714
2020-05-29 14:45:00,18.9572696428
2020-05-29 15:00:00,16.5930785715
2020-05-29 15:15:00,16.1082428572
2020-05-29 15:30:00,15.076805357200001
2020-05-29 15:45:00,15.7536482143
2020-05-29 16:00:00,14.5013964285
2020-05-29 16:15:00,13.7620982143
2020-05-29 16:30:00,9.0192625
2020-05-29 16:45:00,7.803819642700001
2020-05-29 17:00:00,6.9271874999000005
2020-05-29 17:15:00,4.9876857141999995
2020-05-29 17:30:00,2.6549375
2020-05-29 17:45:00,1.9721464285699999
2020-05-29 18:00:00,0.95096607143
2020-05-29 18:15:00,0.26946309523
2020-05-29 18:30:00,0.0037875
2020-05-29 18:45:00,0.0
2020-05-29 19:00:00,0.0
2020-05-29 19:15:00,0.0
2020-05-29 19:30:00,0.0
2020-05-29 19:45:00,0.0
2020-05-29 20:00:00,0.0
2020-05-29 20:15:00,0.0
2020-05-29 20:30:00,0.0
2020-05-29 20:45:00,0.0
2020-05-29 21:00:00,0.0
2020-05-29 21:15:00,0.0
2020-05-29 21:30:00,0.0
2020-05-29 21:45:00,0.0
2020-05-29 22:00:00,0.0
2020-05-29 22:15:00,0.0
2020-05-29 22:30:00,0.0
2020-05-29 22:45:00,0.0
2020-05-29 23:00:00,0.0
2020-05-29 23:15:00,0.0
2020-05-29 23:30:00,0.0
2020-05-29 23:45:00,0.0
2020-05-30 00:00:00,0.0
2020-05-30 00:15:00,0.0
2020-05-30 00:30:00,0.0
2020-05-30 00:45:00,0.0
2020-05-30 01:00:00,0.0
2020-05-30 01:15:00,0.0
2020-05-30 01:30:00,0.0
2020-05-30 01:45:00,0.0
2020-05-30 02:00:00,0.0
2020-05-30 02:15:00,0.0
2020-05-30 02:30:00,0.0
2020-05-30 02:45:00,0.0
2020-05-30 03:00:00,0.0
2020-05-30 03:15:00,0.0
2020-05-30 03:30:00,0.0
2020-05-30 03:45:00,0.0
2020-05-30 04:00:00,0.0
2020-05-30 04:15:00,0.0
2020-05-30 04:30:00,0.0
2020-05-30 04:45:00,0.0
2020-05-30 05:00:00,0.0
2020-05-30 05:15:00,0.0
2020-05-30 05:30:00,0.0
2020-05-30 05:45:00,0.0
2020-05-30 06:00:00,0.1578875
2020-05-30 06:15:00,0.66758392856
2020-05-30 06:30:00,1.49236071428
2020-05-30 06:45:00,2.5703303571
2020-05-30 07:00:00,3.6603196426999998
2020-05-30 07:15:00,4.740991071600001
2020-05-30 07:30:00,4.3196035713
2020-05-30 07:45:00,5.0598250001
2020-05-30 08:00:00,6.6543357143
2020-05-30 08:15:00,9.3543160715
2020-05-30 08:30:00,7.725258928400001
2020-05-30 08:45:00,7.4596321429
2020-05-30 09:00:00,8.1485178572
2020-05-30 09:15:00,11.679489285699999
2020-05-30 09:30:00,13.4965142857
2020-05-30 09:45:00,10.051378571499999
2020-05-30 10:00:00,10.0748696428
2020-05-30 10:15:00,9.409999999899998
2020-05-30 10:30:00,11.3637946429
2020-05-30 10:45:00,11.5330624999
2020-05-30 11:00:00,14.0843875
2020-05-30 11:15:00,21.900176786299998
2020-05-30 11:30:00,16.961844643
2020-05-30 11:45:00,18.955916071300003
2020-05-30 12:00:00,29.150212499000002
2020-05-30 12:15:00,21.3164857136
2020-05-30 12:30:00,27.642699999
2020-05-30 12:45:00,21.654724999499997
2020-05-30 13:00:00,18.9594874999
2020-05-30 13:15:00,24.953001787
2020-05-30 13:30:00,22.7438249996
2020-05-30 13:45:00,25.164673213999997
2020-05-30 14:00:00,24.754357144
2020-05-30 14:15:00,24.355048212
2020-05-30 14:30:00,22.697232143500003
2020-05-30 14:45:00,21.6949089284
2020-05-30 15:00:00,20.523796428500003
2020-05-30 15:15:00,19.0948553572
2020-05-30 15:30:00,17.6736517856
2020-05-30 15:45:00,16.1528446429
2020-05-30 16:00:00,14.4921267857
2020-05-30 16:15:00,12.3667767858
2020-05-30 16:30:00,9.0150875
2020-05-30 16:45:00,9.0052
2020-05-30 17:00:00,7.3396357142
2020-05-30 17:15:00,5.6498517859
2020-05-30 17:30:00,3.8399339285000003
2020-05-30 17:45:00,2.19393214287
2020-05-30 18:00:00,1.41027321428
2020-05-30 18:15:00,0.61138214286
2020-05-30 18:30:00,0.064792857142
2020-05-30 18:45:00,0.0
2020-05-30 19:00:00,0.0
2020-05-30 19:15:00,0.0
2020-05-30 19:30:00,0.0
2020-05-30 19:45:00,0.0
2020-05-30 20:00:00,0.0
2020-05-30 20:15:00,0.0
2020-05-30 20:30:00,0.0
2020-05-30 20:45:00,0.0
2020-05-30 21:00:00,0.0
2020-05-30 21:15:00,0.0
2020-05-30 21:30:00,0.0
2020-05-30 21:45:00,0.0
2020-05-30 22:00:00,0.0
2020-05-30 22:15:00,0.0
2020-05-30 22:30:00,0.0
2020-05-30 22:45:00,0.0
2020-05-30 23:00:00,0.0
2020-05-30 23:15:00,0.0
2020-05-30 23:30:00,0.0
2020-05-30 23:45:00,0.0
2020-05-31 00:00:00,0.0
2020-05-31 00:15:00,0.0
2020-05-31 00:30:00,0.0
2020-05-31 00:45:00,0.0
2020-05-31 01:00:00,0.0
2020-05-31 01:15:00,0.0
2020-05-31 01:30:00,0.0
2020-05-31 01:45:00,0.0
2020-05-31 02:00:00,0.0
2020-05-31 02:15:00,0.0
2020-05-31 02:30:00,0.0
2020-05-31 02:45:00,0.0
2020-05-31 03:00:00,0.0
2020-05-31 03:15:00,0.0
2020-05-31 03:30:00,0.0
2020-05-31 03:45:00,0.0
2020-05-31 04:00:00,0.0
2020-05-31 04:15:00,0.0
2020-05-31 04:30:00,0.0
2020-05-31 04:45:00,0.0
2020-05-31 05:00:00,0.0
2020-05-31 05:15:00,0.0
2020-05-31 05:30:00,0.0
2020-05-31 05:45:00,0.0
2020-05-31 06:00:00,0.21209999999499998
2020-05-31 06:15:00,0.97298750001
2020-05-31 06:30:00,1.74151250001
2020-05-31 06:45:00,2.2196517858400004
2020-05-31 07:00:00,2.5704535714
2020-05-31 07:15:00,2.838219643
2020-05-31 07:30:00,4.2737642858
2020-05-31 07:45:00,4.901301785699999
2020-05-31 08:00:00,5.8572624999
2020-05-31 08:15:00,7.6994517856
2020-05-31 08:30:00,9.4232660715
2020-05-31 08:45:00,14.896053571300001
2020-05-31 09:00:00,15.1374321428
2020-05-31 09:15:00,11.458867857200001
2020-05-31 09:30:00,17.958375
2020-05-31 09:45:00,13.7233660714
2020-05-31 10:00:00,13.7521124999
2020-05-31 10:15:00,22.4436642865
2020-05-31 10:30:00,26.651289287
2020-05-31 10:45:00,20.095942857
2020-05-31 11:00:00,18.002807143000002
2020-05-31 11:15:00,22.416208929
2020-05-31 11:30:00,24.340435714799998
2020-05-31 11:45:00,17.2810482143
2020-05-31 12:00:00,19.2091071419
2020-05-31 12:15:00,18.3390357143
2020-05-31 12:30:00,15.1069982144
2020-05-31 12:45:00,27.863723214
2020-05-31 13:00:00,19.0249535715
2020-05-31 13:15:00,13.622283928500002
2020-05-31 13:30:00,11.779016071500001
2020-05-31 13:45:00,12.0515464286
2020-05-31 14:00:00,22.991616071299998
2020-05-31 14:15:00,17.164007142800003
2020-05-31 14:30:00,4.8613928573
2020-05-31 14:45:00,5.9889624999999995
2020-05-31 15:00:00,4.6920321430000005
2020-05-31 15:15:00,4.4108053572
2020-05-31 15:30:00,7.0696285714
2020-05-31 15:45:00,6.6019660715
2020-05-31 16:00:00,6.4746142855999995
2020-05-31 16:15:00,4.6242125002000005
2020-05-31 16:30:00,3.9100124999
2020-05-31 16:45:00,3.9055928572
2020-05-31 17:00:00,4.243710714400001
2020-05-31 17:15:00,3.8550160713999997
2020-05-31 17:30:00,3.0105749998999998
2020-05-31 17:45:00,2.2345874999000004
2020-05-31 18:00:00,1.42659999999
2020-05-31 18:15:00,0.55941071428
2020-05-31 18:30:00,0.050192857144
2020-05-31 18:45:00,0.0
2020-05-31 19:00:00,0.0
2020-05-31 19:15:00,0.0
2020-05-31 19:30:00,0.0
2020-05-31 19:45:00,0.0
2020-05-31 20:00:00,0.0
2020-05-31 20:15:00,0.0
2020-05-31 20:30:00,0.0
2020-05-31 20:45:00,0.0
2020-05-31 21:00:00,0.0
2020-05-31 21:15:00,0.0
2020-05-31 21:30:00,0.0
2020-05-31 21:45:00,0.0
2020-05-31 22:00:00,0.0
2020-05-31 22:15:00,0.0
2020-05-31 22:30:00,0.0
2020-05-31 22:45:00,0.0
2020-05-31 23:00:00,0.0
2020-05-31 23:15:00,0.0
2020-05-31 23:30:00,0.0
2020-05-31 23:45:00,0.0
2020-06-06 00:00:00,0.0
2020-06-06 00:15:00,0.0
2020-06-06 00:30:00,0.0
2020-06-06 00:45:00,0.0
2020-06-06 01:00:00,0.0
2020-06-06 01:15:00,0.0
2020-06-06 01:30:00,0.0
2020-06-06 01:45:00,0.0
2020-06-06 02:00:00,0.0
2020-06-06 02:15:00,0.0
2020-06-06 02:30:00,0.0
2020-06-06 02:45:00,0.0
2020-06-06 03:00:00,0.0
2020-06-06 03:15:00,0.0
2020-06-06 03:30:00,0.0
2020-06-06 03:45:00,0.0
2020-06-06 04:00:00,0.0
2020-06-06 04:15:00,0.0
2020-06-06 04:30:00,0.0
2020-06-06 04:45:00,0.0
2020-06-06 05:00:00,0.0
2020-06-06 05:15:00,0.0
2020-06-06 05:30:00,0.0
2020-06-06 05:45:00,0.0
2020-06-06 06:00:00,0.28594107142
2020-06-06 06:15:00,0.89954821428
2020-06-06 06:30:00,1.5932660714200002
2020-06-06 06:45:00,3.1201482143
2020-06-06 07:00:00,5.7054499999
2020-06-06 07:15:00,7.2286678571000005
2020-06-06 07:30:00,8.2812750001
2020-06-06 07:45:00,9.8400767856
2020-06-06 08:00:00,11.214489285800001
2020-06-06 08:15:00,11.620667857
2020-06-06 08:30:00,15.088875
2020-06-06 08:45:00,13.1121392856
2020-06-06 09:00:00,8.2668624999
2020-06-06 09:15:00,11.3615125001
2020-06-06 09:30:00,19.7016482144
2020-06-06 09:45:00,14.8909053572
2020-06-06 10:00:00,22.5559553573
2020-06-06 10:15:00,18.5401107147
2020-06-06 10:30:00,19.7555982142
2020-06-06 10:45:00,18.2381928572
2020-06-06 11:00:00,21.7119767849
2020-06-06 11:15:00,24.2069821416
2020-06-06 11:30:00,16.2282607143
2020-06-06 11:45:00,11.2541428572
2020-06-06 12:00:00,17.545192857099998
2020-06-06 12:15:00,18.8027517856
2020-06-06 12:30:00,21.7230803576
2020-06-06 12:45:00,18.722989285700002
2020-06-06 13:00:00,26.873823213
2020-06-06 13:15:00,8.794235714200001
2020-06-06 13:30:00,18.0393196429
2020-06-06 13:45:00,21.8938250023
2020-06-06 14:00:00,16.278775
2020-06-06 14:15:00,25.675475003
2020-06-06 14:30:00,9.7587785714
2020-06-06 14:45:00,5.2124803572000005
2020-06-06 15:00:00,8.7959767857
2020-06-06 15:15:00,10.7064089287
2020-06-06 15:30:00,9.3022035715
2020-06-06 15:45:00,7.151175
2020-06-06 16:00:00,5.7773214287
2020-06-06 16:15:00,3.3145517857
2020-06-06 16:30:00,2.9244464285999996
2020-06-06 16:45:00,2.7514000001
2020-06-06 17:00:00,1.9820339285800002
2020-06-06 17:15:00,1.3706517857
2020-06-06 17:30:00,0.9621428571399999
2020-06-06 17:45:00,0.7010607142999999
2020-06-06 18:00:00,0.46609285715
2020-06-06 18:15:00,0.103639285727
2020-06-06 18:30:00,0.0
2020-06-06 18:45:00,0.0
2020-06-06 19:00:00,0.0
2020-06-06 19:15:00,0.0
2020-06-06 19:30:00,0.0
2020-06-06 19:45:00,0.0
2020-06-06 20:00:00,0.0
2020-06-06 20:15:00,0.0
2020-06-06 20:30:00,0.0
2020-06-06 20:45:00,0.0
2020-06-06 21:00:00,0.0
2020-06-06 21:15:00,0.0
2020-06-06 21:30:00,0.0
2020-06-06 21:45:00,0.0
2020-06-06 22:00:00,0.0
2020-06-06 22:15:00,0.0
2020-06-06 22:30:00,0.0
2020-06-06 22:45:00,0.0
2020-06-06 23:00:00,0.0
2020-06-06 23:15:00,0.0
2020-06-06 23:30:00,0.0
2020-06-06 23:45:00,0.0
2020-06-13 00:00:00,0.0
2020-06-13 00:15:00,0.0
2020-06-13 00:30:00,0.0
2020-06-13 00:45:00,0.0
2020-06-13 01:00:00,0.0
2020-06-13 01:15:00,0.0
2020-06-13 01:30:00,0.0
2020-06-13 01:45:00,0.0
2020-06-13 02:00:00,0.0
2020-06-13 02:15:00,0.0
2020-06-13 02:30:00,0.0
2020-06-13 02:45:00,0.0
2020-06-13 03:00:00,0.0
2020-06-13 03:15:00,0.0
2020-06-13 03:30:00,0.0
2020-06-13 03:45:00,0.0
2020-06-13 04:00:00,0.0
2020-06-13 04:15:00,0.0
2020-06-13 04:30:00,0.0
2020-06-13 04:45:00,0.0
2020-06-13 05:00:00,0.0
2020-06-13 05:15:00,0.0
2020-06-13 05:30:00,0.0
2020-06-13 05:45:00,0.0
2020-06-13 06:00:00,0.198864285714
2020-06-13 06:15:00,0.76836607143
2020-06-13 06:30:00,1.2688642857299999
2020-06-13 06:45:00,2.31165178565
2020-06-13 07:00:00,3.8616642857000003
2020-06-13 07:15:00,5.6870892858
2020-06-13 07:30:00,7.2755857142
2020-06-13 07:45:00,9.2540839284
2020-06-13 08:00:00,11.2272589285
2020-06-13 08:15:00,13.497030357200002
2020-06-13 08:30:00,14.8463482144
2020-06-13 08:45:00,15.9901053571
2020-06-13 09:00:00,17.054617857
2020-06-13 09:15:00,18.0496357144
2020-06-13 09:30:00,17.3960357145
2020-06-13 09:45:00,18.7264767865
2020-06-13 10:00:00,19.239612499499998
2020-06-13 10:15:00,22.164653570800002
2020-06-13 10:30:00,24.8577125
2020-06-13 10:45:00,23.4075696423
2020-06-13 11:00:00,23.6678285709
2020-06-13 11:15:00,27.388460715
2020-06-13 11:30:00,26.818498214999998
2020-06-13 11:45:00,27.3003803574
2020-06-13 12:00:00,27.843317856000002
2020-06-13 12:15:00,23.3900464287
2020-06-13 12:30:00,25.436933929
2020-06-13 12:45:00,26.291596429000002
2020-06-13 13:00:00,21.083953571400002
2020-06-13 13:15:00,19.115596428699998
2020-06-13 13:30:00,16.6979928572
2020-06-13 13:45:00,18.010305356900002
2020-06-13 14:00:00,26.234928571
2020-06-13 14:15:00,23.9562767846
2020-06-13 14:30:00,18.8722107144
2020-06-13 14:45:00,22.6723375011
2020-06-13 15:00:00,22.3178821413
2020-06-13 15:15:00,21.3484714275
2020-06-13 15:30:00,16.3703642857
2020-06-13 15:45:00,12.4914357144
2020-06-13 16:00:00,14.5405160715
2020-06-13 16:15:00,6.4261053571
2020-06-13 16:30:00,8.0989142857
2020-06-13 16:45:00,4.521487499799999
2020-06-13 17:00:00,3.5333553572
2020-06-13 17:15:00,3.8184089287000003
2020-06-13 17:30:00,2.6609964286
2020-06-13 17:45:00,2.0141696428699998
2020-06-13 18:00:00,1.26997857144
2020-06-13 18:15:00,0.60997678569
2020-06-13 18:30:00,0.146700000001
2020-06-13 18:45:00,0.0
2020-06-13 19:00:00,0.0
2020-06-13 19:15:00,0.0
2020-06-13 19:30:00,0.0
2020-06-13 19:45:00,0.0
2020-06-13 20:00:00,0.0
2020-06-13 20:15:00,0.0
2020-06-13 20:30:00,0.0
2020-06-13 20:45:00,0.0
2020-06-13 21:00:00,0.0
2020-06-13 21:15:00,0.0
2020-06-13 21:30:00,0.0
2020-06-13 21:45:00,0.0
2020-06-13 22:00:00,0.0
2020-06-13 22:15:00,0.0
2020-06-13 22:30:00,0.0
2020-06-13 22:45:00,0.0
2020-06-13 23:00:00,0.0
2020-06-13 23:15:00,0.0
2020-06-13 23:30:00,0.0
2020-06-13 23:45:00,0.0
2020-06-14 00:00:00,0.0
2020-06-14 00:15:00,0.0
2020-06-14 00:30:00,0.0
2020-06-14 00:45:00,0.0
2020-06-14 01:00:00,0.0
2020-06-14 01:15:00,0.0
2020-06-14 01:30:00,0.0
2020-06-14 01:45:00,0.0
2020-06-14 02:00:00,0.0
2020-06-14 02:15:00,0.0
2020-06-14 02:30:00,0.0
2020-06-14 02:45:00,0.0
2020-06-14 03:00:00,0.0
2020-06-14 03:15:00,0.0
2020-06-14 03:30:00,0.0
2020-06-14 03:45:00,0.0
2020-06-14 04:00:00,0.0
2020-06-14 04:15:00,0.0
2020-06-14 04:30:00,0.0
2020-06-14 04:45:00,0.0
2020-06-14 05:00:00,0.0
2020-06-14 05:15:00,0.0
2020-06-14 05:30:00,0.0
2020-06-14 05:45:00,0.0
2020-06-14 06:00:00,0.10288571428500001
2020-06-14 06:15:00,0.6818017857099999
2020-06-14 06:30:00,1.41570357144
2020-06-14 06:45:00,2.3109482142
2020-06-14 07:00:00,4.2385339287
2020-06-14 07:15:00,6.9180517858
2020-06-14 07:30:00,6.915775
2020-06-14 07:45:00,9.2749964286
2020-06-14 08:00:00,9.1317571429
2020-06-14 08:15:00,7.7271178570000005
2020-06-14 08:30:00,10.717528571299999
2020-06-14 08:45:00,11.6747464285
2020-06-14 09:00:00,12.9978499999
2020-06-14 09:15:00,17.4733892856
2020-06-14 09:30:00,17.301757142899998
2020-06-14 09:45:00,17.687067857000002
2020-06-14 10:00:00,18.2514624999
2020-06-14 10:15:00,16.705044643
2020-06-14 10:30:00,22.742316071500003
2020-06-14 10:45:00,24.517432143
2020-06-14 11:00:00,19.5780464286
2020-06-14 11:15:00,18.6066125
2020-06-14 11:30:00,18.8945803573
2020-06-14 11:45:00,12.4057303572
2020-06-14 12:00:00,14.5509910715
2020-06-14 12:15:00,13.9229750001
2020-06-14 12:30:00,13.6067857144
2020-06-14 12:45:00,15.4016553572
2020-06-14 13:00:00,17.124898214199998
2020-06-14 13:15:00,21.258801786
2020-06-14 13:30:00,20.1778321427
2020-06-14 13:45:00,23.086444643
2020-06-14 14:00:00,27.895039285
2020-06-14 14:15:00,23.782435715
2020-06-14 14:30:00,17.019641071499997
2020-06-14 14:45:00,13.8739267856
2020-06-14 15:00:00,18.501017856999997
2020-06-14 15:15:00,21.373728571399997
2020-06-14 15:30:00,14.2914571427
2020-06-14 15:45:00,12.680117857199999
2020-06-14 16:00:00,12.5340125001
2020-06-14 16:15:00,8.932228571600001
2020-06-14 16:30:00,6.1949517856
2020-06-14 16:45:00,4.7362714286
2020-06-14 17:00:00,3.7995857143
2020-06-14 17:15:00,3.5857749999
2020-06-14 17:30:00,2.18110178572
2020-06-14 17:45:00,1.22977321427
2020-06-14 18:00:00,0.83118571429
2020-06-14 18:15:00,0.53140357143
2020-06-14 18:30:00,0.13412142857099998
2020-06-14 18:45:00,0.0
2020-06-14 19:00:00,0.0
2020-06-14 19:15:00,0.0
2020-06-14 19:30:00,0.0
2020-06-14 19:45:00,0.0
2020-06-14 20:00:00,0.0
2020-06-14 20:15:00,0.0
2020-06-14 20:30:00,0.0
2020-06-14 20:45:00,0.0
2020-06-14 21:00:00,0.0
2020-06-14 21:15:00,0.0
2020-06-14 21:30:00,0.0
2020-06-14 21:45:00,0.0
2020-06-14 22:00:00,0.0
2020-06-14 22:15:00,0.0
2020-06-14 22:30:00,0.0
2020-06-14 22:45:00,0.0
2020-06-14 23:00:00,0.0
2020-06-14 23:15:00,0.0
2020-06-14 23:30:00,0.0
2020-06-14 23:45:00,0.0
2020-06-15 00:00:00,0.0
2020-06-15 00:15:00,0.0
2020-06-15 00:30:00,0.0
2020-06-15 00:45:00,0.0
2020-06-15 01:00:00,0.0
2020-06-15 01:15:00,0.0
2020-06-15 01:30:00,0.0
2020-06-15 01:45:00,0.0
2020-06-15 02:00:00,0.0
2020-06-15 02:15:00,0.0
2020-06-15 02:30:00,0.0
2020-06-15 02:45:00,0.0
2020-06-15 03:00:00,0.0
2020-06-15 03:15:00,0.0
2020-06-15 03:30:00,0.0
2020-06-15 03:45:00,0.0
2020-06-15 04:00:00,0.0
2020-06-15 04:15:00,0.0
2020-06-15 04:30:00,0.0
2020-06-15 04:45:00,0.0
2020-06-15 05:00:00,0.0
2020-06-15 05:15:00,0.0
2020-06-15 05:30:00,0.0
2020-06-15 05:45:00,0.0
2020-06-15 06:00:00,0.202699999998
2020-06-15 06:15:00,0.9738339285800001
2020-06-15 06:30:00,2.06321964284
2020-06-15 06:45:00,3.1474482142
2020-06-15 07:00:00,4.5112410715
2020-06-15 07:15:00,4.6455357143
2020-06-15 07:30:00,4.1401535714
2020-06-15 07:45:00,7.9576
2020-06-15 08:00:00,13.4866249999
2020-06-15 08:15:00,16.2637107144
2020-06-15 08:30:00,16.2939535714
2020-06-15 08:45:00,15.8674500001
2020-06-15 09:00:00,17.2120392857
2020-06-15 09:15:00,19.1338321428
2020-06-15 09:30:00,19.1500375
2020-06-15 09:45:00,18.8000375
2020-06-15 10:00:00,18.7555357143
2020-06-15 10:15:00,25.400428572
2020-06-15 10:30:00,20.9820946428
2020-06-15 10:45:00,23.0587321441
2020-06-15 11:00:00,22.1288303571
2020-06-15 11:15:00,16.7923089288
2020-06-15 11:30:00,17.7407196428
2020-06-15 11:45:00,19.0091535716
2020-06-15 12:00:00,20.5915517852
2020-06-15 12:15:00,13.306192857100001
2020-06-15 12:30:00,12.3621107144
2020-06-15 12:45:00,14.1151107141
2020-06-15 13:00:00,21.7454482147
2020-06-15 13:15:00,12.6777321428
2020-06-15 13:30:00,7.6749125
2020-06-15 13:45:00,7.3472464288
2020-06-15 14:00:00,8.7220035713
2020-06-15 14:15:00,13.2885160714
2020-06-15 14:30:00,21.599617858000002
2020-06-15 14:45:00,14.926641071399999
2020-06-15 15:00:00,13.9015357142
2020-06-15 15:15:00,13.5946839287
2020-06-15 15:30:00,11.5052857145
2020-06-15 15:45:00,13.5444071428
2020-06-15 16:00:00,3.8851232144
2020-06-15 16:15:00,5.3269160714999995
2020-06-15 16:30:00,7.544991071499999
2020-06-15 16:45:00,8.776371428500001
2020-06-15 17:00:00,6.0280982143
2020-06-15 17:15:00,4.8996767857
2020-06-15 17:30:00,3.0857410712999997
2020-06-15 17:45:00,2.6407142859
2020-06-15 18:00:00,1.13717321427
2020-06-15 18:15:00,0.50155
2020-06-15 18:30:00,0.037291071428000006
2020-06-15 18:45:00,0.0
2020-06-15 19:00:00,0.0
2020-06-15 19:15:00,0.0
2020-06-15 19:30:00,0.0
2020-06-15 19:45:00,0.0
2020-06-15 20:00:00,0.0
2020-06-15 20:15:00,0.0
2020-06-15 20:30:00,0.0
2020-06-15 20:45:00,0.0
2020-06-15 21:00:00,0.0
2020-06-15 21:15:00,0.0
2020-06-15 21:30:00,0.0
2020-06-15 21:45:00,0.0
2020-06-15 22:00:00,0.0
2020-06-15 22:15:00,0.0
2020-06-15 22:30:00,0.0
2020-06-15 22:45:00,0.0
2020-06-15 23:00:00,0.0
2020-06-15 23:15:00,0.0
2020-06-15 23:30:00,0.0
2020-06-15 23:45:00,0.0
2020-06-16 00:00:00,0.0
2020-06-16 00:15:00,0.0
2020-06-16 00:30:00,0.0
2020-06-16 00:45:00,0.0
2020-06-16 01:00:00,0.0
2020-06-16 01:15:00,0.0
2020-06-16 01:30:00,0.0
2020-06-16 01:45:00,0.0
2020-06-16 02:00:00,0.0
2020-06-16 02:15:00,0.0
2020-06-16 02:30:00,0.0
2020-06-16 02:45:00,0.0
2020-06-16 03:00:00,0.0
2020-06-16 03:15:00,0.0
2020-06-16 03:30:00,0.0
2020-06-16 03:45:00,0.0
2020-06-16 04:00:00,0.0
2020-06-16 04:15:00,0.0
2020-06-16 04:30:00,0.0
2020-06-16 04:45:00,0.0
2020-06-16 05:00:00,0.0
2020-06-16 05:15:00,0.0
2020-06-16 05:30:00,0.0
2020-06-16 05:45:00,0.0
2020-06-16 06:00:00,0.008157142857
2020-06-16 06:15:00,0.40150714285000005
2020-06-16 06:30:00,1.4715321428500001
2020-06-16 06:45:00,2.14932857143
2020-06-16 07:00:00,3.0920767858
2020-06-16 07:15:00,5.0691875
2020-06-16 07:30:00,6.1051696428
2020-06-16 07:45:00,7.6771464286999995
2020-06-16 08:00:00,10.555033928499999
2020-06-16 08:15:00,9.9549267857
2020-06-16 08:30:00,12.53305
2020-06-16 08:45:00,12.5726750001
2020-06-16 09:00:00,12.5384535714
2020-06-16 09:15:00,14.0866714286
2020-06-16 09:30:00,16.2106375
2020-06-16 09:45:00,19.0161125
2020-06-16 10:00:00,24.0829642871
2020-06-16 10:15:00,22.3783375003
2020-06-16 10:30:00,18.201617857099997
2020-06-16 10:45:00,20.2108678572
2020-06-16 11:00:00,24.978126784
2020-06-16 11:15:00,18.069262500100002
2020-06-16 11:30:00,12.7804035714
2020-06-16 11:45:00,16.2106321429
2020-06-16 12:00:00,7.2692821429
2020-06-16 12:15:00,13.2991107144
2020-06-16 12:30:00,14.1766696428
2020-06-16 12:45:00,15.522864285699999
2020-06-16 13:00:00,10.3055482144
2020-06-16 13:15:00,15.7302732144
2020-06-16 13:30:00,17.4248589286
2020-06-16 13:45:00,12.8949000001
2020-06-16 14:00:00,14.158800000000001
2020-06-16 14:15:00,9.507832143
2020-06-16 14:30:00,21.145862499499998
2020-06-16 14:45:00,15.6405517858
2020-06-16 15:00:00,8.8444125
2020-06-16 15:15:00,10.0906553573
2020-06-16 15:30:00,13.9447107143
2020-06-16 15:45:00,10.880676984199999
2020-06-16 16:00:00,10.713474999899999
2020-06-16 16:15:00,7.5555017858
2020-06-16 16:30:00,5.7071517858
2020-06-16 16:45:00,4.7623535713
2020-06-16 17:00:00,4.1355071428
2020-06-16 17:15:00,3.7409839285
2020-06-16 17:30:00,3.1084678571
2020-06-16 17:45:00,2.22025714284
2020-06-16 18:00:00,1.4809571428500001
2020-06-16 18:15:00,0.73194107141
2020-06-16 18:30:00,0.159194642855
2020-06-16 18:45:00,0.0
2020-06-16 19:00:00,0.0
2020-06-16 19:15:00,0.0
2020-06-16 19:30:00,0.0
2020-06-16 19:45:00,0.0
2020-06-16 20:00:00,0.0
2020-06-16 20:15:00,0.0
2020-06-16 20:30:00,0.0
2020-06-16 20:45:00,0.0
2020-06-16 21:00:00,0.0
2020-06-16 21:15:00,0.0
2020-06-16 21:30:00,0.0
2020-06-16 21:45:00,0.0
2020-06-16 22:00:00,0.0
2020-06-16 22:15:00,0.0
2020-06-16 22:30:00,0.0
2020-06-16 22:45:00,0.0
2020-06-16 23:00:00,0.0
2020-06-16 23:15:00,0.0
2020-06-16 23:30:00,0.0
2020-06-16 23:45:00,0.0
2020-06-17 00:00:00,0.0
2020-06-17 00:15:00,0.0
2020-06-17 00:30:00,0.0
2020-06-17 00:45:00,0.0
2020-06-17 01:00:00,0.0
2020-06-17 01:15:00,0.0
2020-06-17 01:30:00,0.0
2020-06-17 01:45:00,0.0
2020-06-17 02:00:00,0.0
2020-06-17 02:15:00,0.0
2020-06-17 02:30:00,0.0
2020-06-17 02:45:00,0.0
2020-06-17 03:00:00,0.0
2020-06-17 03:15:00,0.0
2020-06-17 03:30:00,0.0
2020-06-17 03:45:00,0.0
2020-06-17 04:00:00,0.0
2020-06-17 04:15:00,0.0
2020-06-17 04:30:00,0.0
2020-06-17 04:45:00,0.0
2020-06-17 05:00:00,0.0
2020-06-17 05:15:00,0.0
2020-06-17 05:30:00,0.0
2020-06-17 05:45:00,0.0
2020-06-17 06:00:00,0.005998214286
2020-06-17 06:45:00,0.87725
2020-06-17 07:00:00,2.9460321428
2020-06-17 07:15:00,4.4625303573
2020-06-17 07:30:00,7.062442857
2020-06-17 07:45:00,8.2176857144
2020-06-17 08:00:00,7.405607142799999
2020-06-17 08:15:00,8.1841392857
2020-06-17 08:30:00,8.800628571299999
2020-06-17 08:45:00,8.4529375
2020-06-17 09:00:00,10.9110571429
2020-06-17 09:15:00,11.6301
2020-06-17 09:30:00,14.852685714200001
2020-06-17 09:45:00,12.306762500000001
2020-06-17 10:00:00,13.464228571400001
2020-06-17 10:15:00,14.483887500000002
2020-06-17 10:30:00,15.638642857099999
2020-06-17 10:45:00,14.2393214286
2020-06-17 11:00:00,14.510469643099999
2020-06-17 11:15:00,17.199107142699997
2020-06-17 11:30:00,16.5487035715
2020-06-17 11:45:00,24.773912499999998
2020-06-17 12:00:00,24.7710553577
2020-06-17 12:15:00,29.048955358
2020-06-17 12:30:00,20.6190285715
2020-06-17 12:45:00,21.655719643
2020-06-17 13:00:00,15.160007142800001
2020-06-17 13:15:00,19.014071428399998
2020-06-17 13:30:00,21.044150000000002
2020-06-17 13:45:00,17.746000000200002
2020-06-17 14:00:00,13.53135
2020-06-17 14:15:00,13.048057142800001
2020-06-17 14:30:00,17.9477625
2020-06-17 14:45:00,16.8516714286
2020-06-17 15:00:00,10.254973214400001
2020-06-17 15:15:00,3.3417053571
2020-06-17 15:30:00,1.92827857144
2020-06-17 15:45:00,3.0260392859
2020-06-17 16:00:00,6.922503571399999
2020-06-17 16:15:00,7.8800428573
2020-06-17 16:30:00,3.9549089285
2020-06-17 16:45:00,2.4214446428
2020-06-17 17:00:00,2.8193785713
2020-06-17 17:15:00,3.3565446428
2020-06-17 17:30:00,2.86984
2020-06-17 17:45:00,2.02162857142
2020-06-17 18:00:00,1.28858571429
2020-06-17 18:15:00,0.719875
2020-06-17 18:30:00,0.16582857143000002
2020-06-17 18:45:00,0.0
2020-06-17 19:00:00,0.0
2020-06-17 19:15:00,0.0
2020-06-17 19:30:00,0.0
2020-06-17 19:45:00,0.0
2020-06-17 20:00:00,0.0
2020-06-17 20:15:00,0.0
2020-06-17 20:30:00,0.0
2020-06-17 20:45:00,0.0
2020-06-17 21:00:00,0.0
2020-06-17 21:15:00,0.0
2020-06-17 21:30:00,0.0
2020-06-17 21:45:00,0.0
2020-06-17 22:00:00,0.0
2020-06-17 22:15:00,0.0
2020-06-17 22:30:00,0.0
2020-06-17 22:45:00,0.0
2020-06-17 23:00:00,0.0
2020-06-17 23:15:00,0.0
2020-06-17 23:30:00,0.0
2020-06-17 23:45:00,0.0
2020-07-06 00:00:00,0.0
2020-07-06 00:15:00,0.0
2020-07-06 00:30:00,0.0
2020-07-06 00:45:00,0.0
2020-07-06 01:00:00,0.0
2020-07-06 01:15:00,0.0
2020-07-06 01:30:00,0.0
2020-07-06 01:45:00,0.0
2020-07-06 02:00:00,0.0
2020-07-06 02:15:00,0.0
2020-07-06 02:30:00,0.0
2020-07-06 02:45:00,0.0
2020-07-06 03:00:00,0.0
2020-07-06 03:15:00,0.0
2020-07-06 03:30:00,0.0
2020-07-06 03:45:00,0.0
2020-07-06 04:00:00,0.0
2020-07-06 04:15:00,0.0
2020-07-06 04:30:00,0.0
2020-07-06 04:45:00,0.0
2020-07-06 05:00:00,0.0
2020-07-06 05:15:00,0.0
2020-07-06 05:30:00,0.0
2020-07-06 05:45:00,0.0
2020-07-06 06:00:00,0.12826607143000002
2020-07-06 06:15:00,0.85041607142
2020-07-06 06:30:00,1.68954464285
2020-07-06 06:45:00,3.1739928571
2020-07-06 07:00:00,3.7942089285000002
2020-07-06 07:15:00,3.9857321428
2020-07-06 07:30:00,4.4431571430000005
2020-07-06 07:45:00,5.394378571500001
2020-07-06 08:00:00,7.2964964287
2020-07-06 08:15:00,7.6535607143
2020-07-06 08:30:00,7.8146196429
2020-07-06 08:45:00,10.804350000000001
2020-07-06 09:00:00,19.7799767857
2020-07-06 09:15:00,18.0344464285
2020-07-06 09:30:00,14.935667857099999
2020-07-06 09:45:00,13.3441964286
2020-07-06 10:00:00,14.4062428571
2020-07-06 10:15:00,16.7777017857
2020-07-06 10:30:00,20.661766071400002
2020-07-06 10:45:00,28.052478569999998
2020-07-06 11:00:00,24.566551786
2020-07-06 11:15:00,28.999726786
2020-07-06 11:30:00,24.954532143
2020-07-06 11:45:00,23.855142857300002
2020-07-06 12:00:00,28.154635715
2020-07-06 12:15:00,24.8096964287
2020-07-06 12:30:00,23.015158929000002
2020-07-06 12:45:00,21.093375
2020-07-06 13:00:00,19.719926785
2020-07-06 13:15:00,19.8263875
2020-07-06 13:30:00,17.4633696424
2020-07-06 13:45:00,12.356475
2020-07-06 14:00:00,20.4800107138
2020-07-06 14:15:00,18.3392642856
2020-07-06 14:30:00,15.1156446429
2020-07-06 14:45:00,9.73998035718
2020-07-06 15:00:00,19.6775392857
2020-07-06 15:15:00,15.057226785700001
2020-07-06 15:30:00,16.922500000200003
2020-07-06 15:45:00,13.696789285700001
2020-07-06 16:00:00,15.7491857143
2020-07-06 16:15:00,13.158837499999999
2020-07-06 16:30:00,7.4654392855
2020-07-06 16:45:00,10.9423499999
2020-07-06 17:00:00,7.216205357300001
2020-07-06 17:15:00,7.3547625001
2020-07-06 17:30:00,4.683310714399999
2020-07-06 17:45:00,2.5181321428000003
2020-07-06 18:00:00,1.4165589285800002
2020-07-06 18:15:00,0.6411749999999999
2020-07-06 18:30:00,0.128403571429
2020-07-06 18:45:00,0.0
2020-07-06 19:00:00,0.0
2020-07-06 19:15:00,0.0
2020-07-06 19:30:00,0.0
2020-07-06 19:45:00,0.0
2020-07-06 20:00:00,0.0
2020-07-06 20:15:00,0.0
2020-07-06 20:30:00,0.0
2020-07-06 20:45:00,0.0
2020-07-06 21:00:00,0.0
2020-07-06 21:15:00,0.0
2020-07-06 21:30:00,0.0
2020-07-06 21:45:00,0.0
2020-07-06 22:00:00,0.0
2020-07-06 22:15:00,0.0
2020-07-06 22:30:00,0.0
2020-07-06 22:45:00,0.0
2020-07-06 23:00:00,0.0
2020-07-06 23:15:00,0.0
2020-07-06 23:30:00,0.0
2020-07-06 23:45:00,0.0
2020-08-06 00:00:00,0.0
2020-08-06 00:15:00,0.0
2020-08-06 00:30:00,0.0
2020-08-06 00:45:00,0.0
2020-08-06 01:00:00,0.0
2020-08-06 01:15:00,0.0
2020-08-06 01:30:00,0.0
2020-08-06 01:45:00,0.0
2020-08-06 02:00:00,0.0
2020-08-06 02:15:00,0.0
2020-08-06 02:30:00,0.0
2020-08-06 02:45:00,0.0
2020-08-06 03:00:00,0.0
2020-08-06 03:15:00,0.0
2020-08-06 03:30:00,0.0
2020-08-06 03:45:00,0.0
2020-08-06 04:00:00,0.0
2020-08-06 04:15:00,0.0
2020-08-06 04:30:00,0.0
2020-08-06 04:45:00,0.0
2020-08-06 05:00:00,0.0
2020-08-06 05:15:00,0.0
2020-08-06 05:30:00,0.0
2020-08-06 05:45:00,0.0
2020-08-06 06:00:00,0.216208928577
2020-08-06 06:15:00,0.9582785714300001
2020-08-06 06:30:00,1.80097321429
2020-08-06 06:45:00,2.3654696428000004
2020-08-06 07:00:00,3.3266035714999997
2020-08-06 07:15:00,4.1620178570999995
2020-08-06 07:30:00,5.2994767859000005
2020-08-06 07:45:00,8.4315464286
2020-08-06 08:00:00,8.9273571429
2020-08-06 08:15:00,7.1799767856
2020-08-06 08:30:00,11.759519642799999
2020-08-06 08:45:00,15.5895535714
2020-08-06 09:00:00,14.6066232141
2020-08-06 09:15:00,20.0657540477
2020-08-06 09:30:00,24.0435642863
2020-08-06 09:45:00,24.487776784
2020-08-06 10:00:00,26.084226786
2020-08-06 10:15:00,23.1823839269
2020-08-06 10:30:00,24.6593267859
2020-08-06 10:45:00,24.601319642
2020-08-06 11:00:00,25.516403570999998
2020-08-06 11:15:00,24.042442857599998
2020-08-06 11:30:00,22.017519642799996
2020-08-06 11:45:00,22.2414321416
2020-08-06 12:00:00,21.969385714
2020-08-06 12:15:00,18.9619142856
2020-08-06 12:30:00,25.230098214
2020-08-06 12:45:00,16.5570142857
2020-08-06 13:00:00,20.824255357000002
2020-08-06 13:15:00,19.0915392857
2020-08-06 13:30:00,17.3754946429
2020-08-06 13:45:00,21.4419821424
2020-08-06 14:00:00,21.360464286
2020-08-06 14:15:00,22.5397589282
2020-08-06 14:30:00,23.797646427
2020-08-06 14:45:00,20.7033839286
2020-08-06 15:00:00,21.3413732137
2020-08-06 15:15:00,20.0291803571
2020-08-06 15:30:00,14.8464464284
2020-08-06 15:45:00,15.379858928600001
2020-08-06 16:00:00,10.3290589286
2020-08-06 16:15:00,7.2716053572
2020-08-06 16:30:00,11.7884607143
2020-08-06 16:45:00,11.717500000100001
2020-08-06 17:00:00,7.1095017858
2020-08-06 17:15:00,5.0075910714
2020-08-06 17:30:00,4.1881571429
2020-08-06 17:45:00,2.7233482141999996
2020-08-06 18:00:00,1.7282428571400001
2020-08-06 18:15:00,0.95308392857
2020-08-06 18:30:00,0.25536249998
2020-08-06 18:45:00,0.0
2020-08-06 19:00:00,0.0
2020-08-06 19:15:00,0.0
2020-08-06 19:30:00,0.0
2020-08-06 19:45:00,0.0
2020-08-06 20:00:00,0.0
2020-08-06 20:15:00,0.0
2020-08-06 20:30:00,0.0
2020-08-06 20:45:00,0.0
2020-08-06 21:00:00,0.0
2020-08-06 21:15:00,0.0
2020-08-06 21:30:00,0.0
2020-08-06 21:45:00,0.0
2020-08-06 22:00:00,0.0
2020-08-06 22:15:00,0.0
2020-08-06 22:30:00,0.0
2020-08-06 22:45:00,0.0
2020-08-06 23:00:00,0.0
2020-08-06 23:15:00,0.0
2020-08-06 23:30:00,0.0
2020-08-06 23:45:00,0.0
2020-09-06 00:00:00,0.0
2020-09-06 00:15:00,0.0
2020-09-06 00:30:00,0.0
2020-09-06 00:45:00,0.0
2020-09-06 01:00:00,0.0
2020-09-06 01:15:00,0.0
2020-09-06 01:30:00,0.0
2020-09-06 01:45:00,0.0
2020-09-06 02:00:00,0.0
2020-09-06 02:15:00,0.0
2020-09-06 02:30:00,0.0
2020-09-06 02:45:00,0.0
2020-09-06 03:00:00,0.0
2020-09-06 03:15:00,0.0
2020-09-06 03:30:00,0.0
2020-09-06 03:45:00,0.0
2020-09-06 04:00:00,0.0
2020-09-06 04:15:00,0.0
2020-09-06 04:30:00,0.0
2020-09-06 04:45:00,0.0
2020-09-06 05:00:00,0.0
2020-09-06 05:15:00,0.0
2020-09-06 05:30:00,0.0
2020-09-06 05:45:00,0.0
2020-09-06 06:00:00,0.34132678570999997
2020-09-06 06:15:00,1.03404464286
2020-09-06 06:30:00,1.8033267857200002
2020-09-06 06:45:00,3.0718321431
2020-09-06 07:00:00,4.8111017858
2020-09-06 07:15:00,5.7753464284
2020-09-06 07:30:00,5.928594642799999
2020-09-06 07:45:00,5.4255678571
2020-09-06 08:00:00,11.3339660715
2020-09-06 08:15:00,13.4253196428
2020-09-06 08:30:00,14.8808982143
2020-09-06 08:45:00,16.4201428571
2020-09-06 09:00:00,18.5514249999
2020-09-06 09:15:00,17.469632142899997
2020-09-06 09:30:00,18.9904125003
2020-09-06 09:45:00,20.7162232142
2020-09-06 10:00:00,12.221244642899999
2020-09-06 10:15:00,21.183855357600002
2020-09-06 10:30:00,26.531776783
2020-09-06 10:45:00,25.473548213999997
2020-09-06 11:00:00,24.8094107143
2020-09-06 11:15:00,25.0403982142
2020-09-06 11:30:00,18.5307142856
2020-09-06 11:45:00,25.781141072
2020-09-06 12:00:00,19.7884196428
2020-09-06 12:15:00,17.4439571429
2020-09-06 12:30:00,22.5489339275
2020-09-06 12:45:00,21.3825303564
2020-09-06 13:00:00,22.625017856400003
2020-09-06 13:15:00,22.611383928
2020-09-06 13:30:00,20.174026785499997
2020-09-06 13:45:00,19.4212625
2020-09-06 14:00:00,13.1300053572
2020-09-06 14:15:00,14.036007142999999
2020-09-06 14:30:00,18.709348214400002
2020-09-06 14:45:00,16.7814928572
2020-09-06 15:00:00,17.7652624999
2020-09-06 15:15:00,17.625392856999998
2020-09-06 15:30:00,18.1568035716
2020-09-06 15:45:00,16.1744571431
2020-09-06 16:00:00,13.8079303571
2020-09-06 16:15:00,12.0131464285
2020-09-06 16:30:00,11.0894749999
2020-09-06 16:45:00,9.0867428572
2020-09-06 17:00:00,6.9618553572
2020-09-06 17:15:00,5.8373928572
2020-09-06 17:30:00,4.5288803571
2020-09-06 17:45:00,3.0673285713
2020-09-06 18:00:00,1.8185214285700002
2020-09-06 18:15:00,0.90320892858
2020-09-06 18:30:00,0.19745000000100002
2020-09-06 18:45:00,0.0
2020-09-06 19:00:00,0.0
2020-09-06 19:15:00,0.0
2020-09-06 19:30:00,0.0
2020-09-06 19:45:00,0.0
2020-09-06 20:00:00,0.0
2020-09-06 20:15:00,0.0
2020-09-06 20:30:00,0.0
2020-09-06 20:45:00,0.0
2020-09-06 21:00:00,0.0
2020-09-06 21:15:00,0.0
2020-09-06 21:30:00,0.0
2020-09-06 21:45:00,0.0
2020-09-06 22:00:00,0.0
2020-09-06 22:15:00,0.0
2020-09-06 22:30:00,0.0
2020-09-06 22:45:00,0.0
2020-09-06 23:00:00,0.0
2020-09-06 23:15:00,0.0
2020-09-06 23:30:00,0.0
2020-09-06 23:45:00,0.0
2020-10-06 00:00:00,0.0
2020-10-06 00:15:00,0.0
2020-10-06 00:30:00,0.0
2020-10-06 00:45:00,0.0
2020-10-06 01:00:00,0.0
2020-10-06 01:15:00,0.0
2020-10-06 01:30:00,0.0
2020-10-06 01:45:00,0.0
2020-10-06 02:00:00,0.0
2020-10-06 02:15:00,0.0
2020-10-06 02:30:00,0.0
2020-10-06 02:45:00,0.0
2020-10-06 03:00:00,0.0
2020-10-06 03:15:00,0.0
2020-10-06 03:30:00,0.0
2020-10-06 03:45:00,0.0
2020-10-06 04:00:00,0.0
2020-10-06 04:15:00,0.0
2020-10-06 04:30:00,0.0
2020-10-06 04:45:00,0.0
2020-10-06 05:00:00,0.0
2020-10-06 05:15:00,0.0
2020-10-06 05:30:00,0.0
2020-10-06 05:45:00,0.0
2020-10-06 06:00:00,0.205332142852
2020-10-06 06:15:00,0.91467857141
2020-10-06 06:30:00,1.85396250002
2020-10-06 06:45:00,2.8612946428
2020-10-06 07:00:00,4.347275
2020-10-06 07:15:00,5.5269607141999995
2020-10-06 07:30:00,7.2390160714
2020-10-06 07:45:00,8.970742857200001
2020-10-06 08:00:00,9.264917857099999
2020-10-06 08:15:00,6.3692589286
2020-10-06 08:30:00,7.7161446429
2020-10-06 08:45:00,14.1399607144
2020-10-06 09:00:00,14.844807142899999
2020-10-06 09:15:00,16.5620124999
2020-10-06 09:30:00,17.536224999999998
2020-10-06 09:45:00,12.7428874999
2020-10-06 10:00:00,10.3198696428
2020-10-06 10:15:00,14.9474339285
2020-10-06 10:30:00,14.727241071299998
2020-10-06 10:45:00,12.672358928600001
2020-10-06 11:00:00,10.4141339286
2020-10-06 11:15:00,16.495282142799997
2020-10-06 11:30:00,19.0467839281
2020-10-06 11:45:00,19.6493571432
2020-10-06 12:00:00,28.424751787
2020-10-06 12:15:00,22.3417339284
2020-10-06 12:30:00,26.125028571999998
2020-10-06 12:45:00,24.765705356999998
2020-10-06 13:00:00,20.6595089287
2020-10-06 13:15:00,16.8617589285
2020-10-06 13:30:00,24.680351787
2020-10-06 13:45:00,20.2638839285
2020-10-06 14:00:00,15.5227428571
2020-10-06 14:15:00,20.0317375001
2020-10-06 14:30:00,12.736875
2020-10-06 14:45:00,2.0855357143
2020-10-06 15:00:00,4.5636178570000006
2020-10-06 15:15:00,7.4732428571
2020-10-06 15:30:00,10.084130357300001
2020-10-06 15:45:00,8.2423874999
2020-10-06 16:00:00,8.9990482143
2020-10-06 16:15:00,11.4505053573
2020-10-06 16:30:00,7.551889285600001
2020-10-06 16:45:00,5.993378571399999
2020-10-06 17:00:00,5.248732142900001
2020-10-06 17:15:00,5.2931857143
2020-10-06 17:30:00,3.196125
2020-10-06 17:45:00,2.5334714283
2020-10-06 18:00:00,1.19309999999
2020-10-06 18:15:00,0.247125
2020-10-06 18:30:00,0.0
2020-10-06 18:45:00,0.0
2020-10-06 19:00:00,0.0
2020-10-06 19:15:00,0.0
2020-10-06 19:30:00,0.0
2020-10-06 19:45:00,0.0
2020-10-06 20:00:00,0.0
2020-10-06 20:15:00,0.0
2020-10-06 20:30:00,0.0
2020-10-06 20:45:00,0.0
2020-10-06 21:00:00,0.0
2020-10-06 21:15:00,0.0
2020-10-06 21:30:00,0.0
2020-10-06 21:45:00,0.0
2020-10-06 22:00:00,0.0
2020-10-06 22:15:00,0.0
2020-10-06 22:30:00,0.0
2020-10-06 22:45:00,0.0
2020-10-06 23:00:00,0.0
2020-10-06 23:15:00,0.0
2020-10-06 23:30:00,0.0
2020-10-06 23:45:00,0.0
2020-11-06 00:00:00,0.0
2020-11-06 00:15:00,0.0
2020-11-06 00:30:00,0.0
2020-11-06 00:45:00,0.0
2020-11-06 01:00:00,0.0
2020-11-06 01:15:00,0.0
2020-11-06 01:30:00,0.0
2020-11-06 01:45:00,0.0
2020-11-06 02:00:00,0.0
2020-11-06 02:15:00,0.0
2020-11-06 02:30:00,0.0
2020-11-06 02:45:00,0.0
2020-11-06 03:00:00,0.0
2020-11-06 03:15:00,0.0
2020-11-06 03:30:00,0.0
2020-11-06 03:45:00,0.0
2020-11-06 04:00:00,0.0
2020-11-06 04:15:00,0.0
2020-11-06 04:30:00,0.0
2020-11-06 04:45:00,0.0
2020-11-06 05:00:00,0.0
2020-11-06 05:15:00,0.0
2020-11-06 05:30:00,0.0
2020-11-06 05:45:00,0.0
2020-11-06 06:00:00,0.0
2020-11-06 06:15:00,0.318075
2020-11-06 06:30:00,0.77316071429
2020-11-06 06:45:00,1.12839821429
2020-11-06 07:00:00,1.67667678571
2020-11-06 07:15:00,2.5713660712
2020-11-06 07:30:00,3.1558571428
2020-11-06 07:45:00,4.351608928599999
2020-11-06 08:00:00,5.5767678571
2020-11-06 08:15:00,6.2348428573
2020-11-06 08:30:00,6.5178875
2020-11-06 08:45:00,7.3591142858000005
2020-11-06 09:00:00,8.18985
2020-11-06 09:15:00,9.038585714500002
2020-11-06 09:30:00,9.6105607143
2020-11-06 09:45:00,10.287671428600001
2020-11-06 10:00:00,11.091971428599999
2020-11-06 10:15:00,12.0680660714
2020-11-06 10:30:00,12.320907143000001
2020-11-06 10:45:00,12.7714357142
2020-11-06 11:00:00,15.504928571399999
2020-11-06 11:15:00,16.784860714300002
2020-11-06 11:30:00,15.7871125
2020-11-06 11:45:00,17.764082142800003
2020-11-06 12:00:00,19.9729375002
2020-11-06 12:15:00,19.207239285800004
2020-11-06 12:30:00,17.050216071399998
2020-11-06 12:45:00,12.5291107142
2020-11-06 13:00:00,14.581671428400002
2020-11-06 13:15:00,15.706087499999999
2020-11-06 13:30:00,10.412428571500001
2020-11-06 13:45:00,13.8127107143
2020-11-06 14:00:00,14.541335714299999
2020-11-06 14:15:00,20.2258785719
2020-11-06 14:30:00,22.2397392857
2020-11-06 14:45:00,13.308830357000001
2020-11-06 15:00:00,15.944307142900001
2020-11-06 15:15:00,13.5941071429
2020-11-06 15:30:00,15.4280410715
2020-11-06 15:45:00,13.6589732142
2020-11-06 16:00:00,10.372237499999999
2020-11-06 16:15:00,9.6142482143
2020-11-06 16:30:00,7.792792857
2020-11-06 16:45:00,6.8113982144000005
2020-11-06 17:00:00,5.1584232143
2020-11-06 17:15:00,4.0680857142999995
2020-11-06 17:30:00,3.0511999999999997
2020-11-06 17:45:00,2.10548571429
2020-11-06 18:00:00,1.34597500001
2020-11-06 18:15:00,0.6331517857
2020-11-06 18:30:00,0.124462499999
2020-11-06 18:45:00,0.0
2020-11-06 19:00:00,0.0
2020-11-06 19:15:00,0.0
2020-11-06 19:30:00,0.0
2020-11-06 19:45:00,0.0
2020-11-06 20:00:00,0.0
2020-11-06 20:15:00,0.0
2020-11-06 20:30:00,0.0
2020-11-06 20:45:00,0.0
2020-11-06 21:00:00,0.0
2020-11-06 21:15:00,0.0
2020-11-06 21:30:00,0.0
2020-11-06 21:45:00,0.0
2020-11-06 22:00:00,0.0
2020-11-06 22:15:00,0.0
2020-11-06 22:30:00,0.0
2020-11-06 22:45:00,0.0
2020-11-06 23:00:00,0.0
2020-11-06 23:15:00,0.0
2020-11-06 23:30:00,0.0
2020-11-06 23:45:00,0.0
2020-12-06 00:00:00,0.0
2020-12-06 00:15:00,0.0
2020-12-06 00:30:00,0.0
2020-12-06 00:45:00,0.0
2020-12-06 01:00:00,0.0
2020-12-06 01:15:00,0.0
2020-12-06 01:30:00,0.0
2020-12-06 01:45:00,0.0
2020-12-06 02:00:00,0.0
2020-12-06 02:15:00,0.0
2020-12-06 02:30:00,0.0
2020-12-06 02:45:00,0.0
2020-12-06 03:00:00,0.0
2020-12-06 03:15:00,0.0
2020-12-06 03:30:00,0.0
2020-12-06 03:45:00,0.0
2020-12-06 04:00:00,0.0
2020-12-06 04:15:00,0.0
2020-12-06 04:30:00,0.0
2020-12-06 04:45:00,0.0
2020-12-06 05:00:00,0.0
2020-12-06 05:15:00,0.0
2020-12-06 05:30:00,0.0
2020-12-06 05:45:00,0.0
2020-12-06 06:00:00,0.0
2020-12-06 06:15:00,0.33850357143000004
2020-12-06 06:30:00,0.77565714287
2020-12-06 06:45:00,1.48242678572
2020-12-06 07:00:00,1.99229642857
2020-12-06 07:15:00,2.271417857
2020-12-06 07:30:00,1.99665000001
2020-12-06 07:45:00,2.7899214286
2020-12-06 08:00:00,3.8581624999999997
2020-12-06 08:15:00,6.028524999999999
2020-12-06 08:30:00,6.8262142859
2020-12-06 08:45:00,8.8348910714
2020-12-06 09:00:00,10.736191071499999
2020-12-06 09:15:00,12.828239285699999
2020-12-06 09:30:00,11.4626214286
2020-12-06 09:45:00,13.9843214286
2020-12-06 10:00:00,12.4721267859
2020-12-06 10:15:00,16.5968767859
2020-12-06 10:30:00,17.6209053572
2020-12-06 10:45:00,14.4037178571
2020-12-06 11:00:00,13.093464285800001
2020-12-06 11:15:00,17.8936839287
2020-12-06 11:30:00,21.3763910722
2020-12-06 11:45:00,20.0649160715
2020-12-06 12:00:00,21.859641072
2020-12-06 12:15:00,15.7462125
2020-12-06 12:30:00,15.2599000001
2020-12-06 12:45:00,16.9079089285
2020-12-06 13:00:00,17.3210625
2020-12-06 13:15:00,16.860192857
2020-12-06 13:30:00,17.9310839285
2020-12-06 13:45:00,20.5429392857
2020-12-06 14:00:00,18.8384232143
2020-12-06 14:15:00,15.865207142900001
2020-12-06 14:30:00,13.766562500100001
2020-12-06 14:45:00,12.8472589286
2020-12-06 15:00:00,12.3604642856
2020-12-06 15:15:00,10.562700000000001
2020-12-06 15:30:00,12.537655357199998
2020-12-06 15:45:00,9.8988517856
2020-12-06 16:00:00,6.2268660713
2020-12-06 16:15:00,5.8715035714
2020-12-06 16:30:00,5.9105642858000005
2020-12-06 16:45:00,5.6375125
2020-12-06 17:00:00,4.1512553573
2020-12-06 17:15:00,3.8812017857
2020-12-06 17:30:00,4.6899142858
2020-12-06 17:45:00,3.3561285714
2020-12-06 18:00:00,1.7672875
2020-12-06 18:15:00,0.79118035715
2020-12-06 18:30:00,0.172094642856
2020-12-06 18:45:00,0.0
2020-12-06 19:00:00,0.0
2020-12-06 19:15:00,0.0
2020-12-06 19:30:00,0.0
2020-12-06 19:45:00,0.0
2020-12-06 20:00:00,0.0
2020-12-06 20:15:00,0.0
2020-12-06 20:30:00,0.0
2020-12-06 20:45:00,0.0
2020-12-06 21:00:00,0.0
2020-12-06 21:15:00,0.0
2020-12-06 21:30:00,0.0
2020-12-06 21:45:00,0.0
2020-12-06 22:00:00,0.0
2020-12-06 22:15:00,0.0
2020-12-06 22:30:00,0.0
2020-12-06 22:45:00,0.0
2020-12-06 23:00:00,0.0
2020-12-06 23:15:00,0.0
2020-12-06 23:30:00,0.0
2020-12-06 23:45:00,0.0
