episode,id,dc,pes,mi,runtime_steps,t_c,latest,s_f,kappa,t_release,reason,r_release,t_s,k,route_to_start_steps,stale
1,1,1,32,1920000.0,48,29,100,62,32,61,offset,1.0,61.0,32.0,0.0,False
1,5,0,32,1920000.0,48,92,163,97,4,96,offset,1.0,96.0,4.0,0.0,False
1,18,0,32,1920000.0,48,295,366,312,16,311,offset,1.0,311.0,16.0,0.0,False
1,19,0,32,1920000.0,48,307,378,372,64,371,offset,1.0,371.0,64.0,0.0,False
1,20,0,32,1920000.0,48,323,394,388,64,387,offset,1.0,387.0,64.0,0.0,False
1,21,0,32,1920000.0,48,335,406,368,32,367,offset,1.0,367.0,32.0,0.0,False
1,22,0,32,1920000.0,48,356,427,389,32,388,offset,1.0,388.0,32.0,0.0,False
1,23,0,32,1920000.0,48,373,444,382,8,381,offset,1.0,381.0,8.0,0.0,False
1,25,2,32,1920000.0,48,402,473,435,32,434,offset,1.0,434.0,32.0,0.0,False
