cloudlet_id,arrival_time,length,pes_required,file_size,output_size
0,0,242116,4,242,121
1,0,560897,1,560,280
2,0,254886,1,254,127
3,1,365973,1,365,182
4,2,580300,3,580,290
5,2,238782,2,238,119
6,3,171010,3,171,85
7,4,726838,1,726,363
8,4,549550,1,549,274
9,4,186134,3,186,93
10,5,546617,2,546,273
11,5,439384,2,439,219
12,5,371273,1,371,185
13,5,534979,2,534,267
14,6,546769,2,546,273
15,6,584675,2,584,292
16,7,342181,2,342,171
17,7,163991,1,163,81
18,8,689464,3,689,344
19,8,536775,2,536,268
20,8,428167,1,428,214
21,9,727488,1,727,363
22,9,155577,2,155,77
23,9,608005,4,608,304
24,9,363416,1,363,181
25,9,288092,1,288,144
26,9,234421,1,234,117
27,10,107202,2,107,53
28,10,227904,3,227,113
29,10,650712,4,650,325
30,11,792991,8,792,396
31,12,773781,3,773,386
32,13,564659,4,564,282
33,14,392849,3,392,196
34,14,102673,4,102,51
35,14,291824,2,291,145
36,14,772638,3,772,386
37,15,767061,1,767,383
38,15,555138,2,555,277
39,16,499038,1,499,249
40,16,449831,2,449,224
41,18,304523,2,304,152
42,18,108411,1,108,54
43,19,355213,1,355,177
44,19,326758,1,326,163
45,19,554849,1,554,277
46,19,679422,2,679,339
47,20,553211,2,553,276
48,20,472275,3,472,236
49,21,280082,1,280,140
50,21,334234,2,334,167
51,21,635166,5,635,317
52,21,777026,3,777,388
53,21,502615,2,502,251
54,22,601029,3,601,300
55,23,498548,1,498,249
56,24,428152,1,428,214
57,25,370945,4,370,185
58,27,732506,3,732,366
59,27,230844,1,230,115
60,28,150409,2,150,75
61,28,656916,1,656,328
62,28,255484,3,255,127
63,28,497458,2,497,248
64,29,228704,1,228,114
65,29,150940,3,150,75
66,29,160317,1,160,80
67,30,554332,1,554,277
68,31,597517,2,597,298
69,31,617446,1,617,308
70,31,451988,1,451,225
71,31,216069,1,216,108
72,32,757129,2,757,378
73,32,530385,1,530,265
74,32,308451,3,308,154
75,32,304926,2,304,152
76,33,787042,2,787,393
77,33,303046,1,303,151
78,33,185041,5,185,92
79,34,344887,4,344,172
80,34,102376,2,102,51
81,34,488366,1,488,244
82,36,555763,6,555,277
83,37,775536,5,775,387
84,37,276851,1,276,138
85,38,315538,2,315,157
86,38,631622,2,631,315
87,39,647813,1,647,323
88,39,554661,2,554,277
89,40,129466,1,129,64
90,41,785866,2,785,392
91,42,247805,2,247,123
92,43,456958,4,456,228
93,43,300021,1,300,150
94,43,437405,1,437,218
95,43,217418,4,217,108
96,46,365576,1,365,182
97,46,493050,2,493,246
98,47,139664,1,139,69
99,48,711630,1,711,355
100,48,724828,2,724,362
101,48,784153,1,784,392
102,49,231400,1,231,115
103,49,430177,1,430,215
104,50,492654,2,492,246
105,50,368702,5,368,184
106,50,494712,1,494,247
107,51,195424,1,195,97
108,51,567032,1,567,283
109,53,649283,1,649,324
110,53,320110,1,320,160
111,54,123637,1,123,61
112,54,263266,1,263,131
113,54,176395,1,176,88
114,54,764350,1,764,382
115,55,427207,2,427,213
116,57,230546,1,230,115
117,57,358158,2,358,179
118,57,155448,2,155,77
119,58,501646,3,501,250
120,58,103946,1,103,51
121,58,568377,4,568,284
122,59,386168,2,386,193
123,59,325224,1,325,162
124,59,345968,2,345,172
125,60,203786,2,203,101
126,61,789500,2,789,394
127,62,664905,2,664,332
128,63,285577,2,285,142
129,63,656529,2,656,328
130,64,757237,2,757,378
131,64,129167,1,129,64
132,64,162309,1,162,81
133,64,604826,1,604,302
134,65,460656,2,460,230
135,65,336928,1,336,168
136,65,272474,2,272,136
137,66,138915,1,138,69
138,66,450341,1,450,225
139,66,613866,3,613,306
140,67,720936,1,720,360
141,67,661016,2,661,330
142,67,309309,1,309,154
143,68,498327,1,498,249
144,68,641105,3,641,320
145,68,795001,1,795,397
146,69,767762,5,767,383
147,70,747911,3,747,373
148,70,210247,4,210,105
149,71,648692,1,648,324
150,71,233299,1,233,116
151,73,252321,1,252,126
152,73,790918,1,790,395
153,74,187451,2,187,93
154,74,423923,1,423,211
155,74,130012,1,130,65
156,74,542154,2,542,271
157,75,567149,4,567,283
158,75,720511,5,720,360
159,76,576237,1,576,288
160,76,653673,4,653,326
161,76,112729,1,112,56
162,76,324831,1,324,162
163,77,147400,1,147,73
164,77,793893,5,793,396
165,78,711238,1,711,355
166,78,537672,3,537,268
167,78,586897,1,586,293
168,78,451380,3,451,225
169,79,300172,2,300,150
170,79,381436,1,381,190
171,79,632802,3,632,316
172,81,773156,1,773,386
173,81,139514,5,139,69
174,81,221767,1,221,110
175,82,236801,2,236,118
176,83,556246,1,556,278
177,84,207616,2,207,103
178,84,503063,1,503,251
179,84,371081,1,371,185
180,84,772684,3,772,386
181,85,428562,1,428,214
182,85,603764,1,603,301
183,86,368976,3,368,184
184,86,514499,1,514,257
185,86,568203,4,568,284
186,87,284628,4,284,142
187,88,170177,1,170,85
188,88,226989,2,226,113
189,89,708841,5,708,354
190,89,524297,1,524,262
191,89,157950,1,157,78
192,89,373478,1,373,186
193,90,186277,2,186,93
194,90,662788,4,662,331
195,90,245447,2,245,122
196,91,185991,3,185,92
197,92,534849,4,534,267
198,92,555706,1,555,277
199,95,607853,1,607,303
200,99,729298,3,729,364
201,99,632982,1,632,316
202,99,377320,1,377,188
203,100,554504,2,554,277
204,100,379515,3,379,189
205,100,539304,1,539,269
206,100,175820,1,175,87
207,101,398781,1,398,199
208,101,121990,1,121,60
209,101,706660,2,706,353
210,102,104641,2,104,52
211,103,590374,4,590,295
212,103,212540,2,212,106
213,103,162498,4,162,81
214,105,464833,2,464,232
215,105,281335,1,281,140
216,106,531807,4,531,265
217,106,650174,1,650,325
218,106,711428,1,711,355
219,107,651603,3,651,325
220,107,187715,1,187,93
221,107,455908,1,455,227
222,107,658541,2,658,329
223,107,322018,2,322,161
224,108,759032,1,759,379
225,108,523054,2,523,261
226,109,387154,1,387,193
227,109,539550,3,539,269
228,111,568623,1,568,284
229,111,516611,2,516,258
230,112,778356,1,778,389
231,112,244260,1,244,122
232,113,201014,1,201,100
233,113,345471,6,345,172
234,113,348517,2,348,174
235,114,772297,1,772,386
236,114,790674,3,790,395
237,114,398679,1,398,199
238,115,157741,1,157,78
239,117,244856,4,244,122
240,117,458302,1,458,229
241,117,346877,3,346,173
242,118,171030,2,171,85
243,118,307944,7,307,153
244,119,715746,4,715,357
245,119,233022,2,233,116
246,119,658325,1,658,329
247,120,181328,1,181,90
248,121,309526,3,309,154
249,123,376158,1,376,188
250,123,566202,1,566,283
251,123,799983,1,799,399
252,124,732338,3,732,366
253,124,456085,1,456,228
254,124,458974,1,458,229
255,125,698177,5,698,349
256,126,558024,4,558,279
257,126,118933,1,118,59
258,126,189658,2,189,94
259,126,634751,4,634,317
260,127,536919,2,536,268
261,127,307000,4,307,153
262,127,562477,1,562,281
263,128,125031,3,125,62
264,129,112936,1,112,56
265,130,592847,2,592,296
266,131,114480,2,114,57
267,131,686975,2,686,343
268,132,103487,4,103,51
269,132,204860,2,204,102
270,133,163608,3,163,81
271,133,342648,2,342,171
272,133,114413,2,114,57
273,134,375346,1,375,187
274,136,450797,1,450,225
275,136,774134,2,774,387
276,136,529790,1,529,264
277,137,676457,1,676,338
278,137,369758,4,369,184
279,138,244443,1,244,122
280,139,761825,2,761,380
281,139,712308,3,712,356
282,139,252196,2,252,126
283,140,133399,2,133,66
284,140,165044,2,165,82
285,140,167494,1,167,83
286,140,534276,2,534,267
287,141,690246,1,690,345
288,141,417266,1,417,208
289,142,355404,2,355,177
290,142,185124,1,185,92
291,143,113188,1,113,56
292,143,448187,4,448,224
293,143,298327,4,298,149
294,143,631047,2,631,315
295,145,312600,3,312,156
296,145,360072,1,360,180
297,145,352505,2,352,176
298,146,722217,6,722,361
299,147,497393,8,497,248
300,148,639552,2,639,319
301,148,677894,2,677,338
302,149,210777,4,210,105
303,149,193882,2,193,96
304,149,372424,2,372,186
305,150,106764,1,106,53
306,150,590054,1,590,295
307,150,432739,3,432,216
308,151,384174,1,384,192
309,151,737379,2,737,368
310,151,643351,3,643,321
311,152,108170,1,108,54
312,152,331069,1,331,165
313,152,255233,2,255,127
314,154,386865,1,386,193
315,154,658537,2,658,329
316,155,394297,1,394,197
317,156,360971,2,360,180
318,156,468901,1,468,234
319,157,624717,1,624,312
320,157,639553,2,639,319
321,158,414462,2,414,207
322,159,297122,3,297,148
323,160,530948,4,530,265
324,161,434753,2,434,217
325,161,602239,4,602,301
326,163,715721,1,715,357
327,164,625313,1,625,312
328,165,550963,3,550,275
329,165,633107,3,633,316
330,166,111215,4,111,55
331,166,613941,4,613,306
332,167,397933,1,397,198
333,167,459409,3,459,229
334,167,501222,5,501,250
335,168,177663,4,177,88
336,168,274939,1,274,137
337,169,102129,2,102,51
338,170,679456,1,679,339
339,170,206590,1,206,103
340,170,390370,1,390,195
341,170,446100,4,446,223
342,172,324640,1,324,162
343,173,735834,1,735,367
344,173,636069,1,636,318
345,174,753525,2,753,376
346,175,441916,3,441,220
347,175,220741,3,220,110
348,175,699673,1,699,349
349,176,349954,6,349,174
350,176,251464,2,251,125
351,177,189429,2,189,94
352,179,766072,3,766,383
353,180,461616,2,461,230
354,180,392304,1,392,196
355,180,195941,2,195,97
356,181,447600,2,447,223
357,182,502684,1,502,251
358,183,122717,3,122,61
359,183,377252,1,377,188
360,185,125201,2,125,62
361,185,726578,1,726,363
362,185,263575,1,263,131
363,185,171801,2,171,85
364,185,372558,1,372,186
365,186,204288,3,204,102
366,187,781658,2,781,390
367,187,710654,1,710,355
368,188,237183,1,237,118
369,188,652000,3,652,326
370,188,689269,5,689,344
371,189,743583,4,743,371
372,190,566860,3,566,283
373,190,249349,1,249,124
374,190,572230,1,572,286
375,190,375383,2,375,187
376,191,747163,3,747,373
377,191,532489,5,532,266
378,193,351583,4,351,175
379,194,570959,2,570,285
380,194,451114,8,451,225
381,195,233696,2,233,116
382,196,717745,2,717,358
383,196,228263,1,228,114
384,197,486810,3,486,243
385,197,141625,2,141,70
386,197,612696,1,612,306
387,198,242278,1,242,121
388,198,371818,1,371,185
389,198,798226,1,798,399
390,198,501051,1,501,250
391,198,216116,1,216,108
392,199,670599,2,670,335
393,199,404873,4,404,202
394,199,288818,1,288,144
395,199,531986,1,531,265
